uniprot_id	pfam_id	pfam_name	env_from	env_to	domain_length	evalue	bitscore
Q7TPS0	PF00069	Pkinase	446	703	258	6.4e-75	250.5
Q5F3L1	PF00069	Pkinase	417	677	261	4.3e-74	247.7
Q21734	PF00069	Pkinase	104	363	260	1.1e-71	239.8
Q8C050	PF00069	Pkinase	48	317	270	1.1e-69	233.4
Q18846	PF00069	Pkinase	383	653	271	1.9e-69	232.5
Q696W0	PF00069	Pkinase	2683	2934	252	5.8e-61	204.7
Q9V3I5	PF00069	Pkinase	261	530	270	4.4e-65	218.2
Q7T6Y2	PF07714	PK_Tyr_Ser-Thr	1364	1613	250	3.1e-68	228.4
Q7T6X2	PF07714	PK_Tyr_Ser-Thr	1399	1648	250	3e-66	221.9
Q5UQG7	PF07714	PK_Tyr_Ser-Thr	1394	1641	248	3.7e-66	221.6
Q15772	PF00069	Pkinase	2966	3218	253	3.3e-57	192.4
Q5VST9	PF00069	Pkinase	6468	6721	254	9.7e-65	217.1
A2AAJ9	PF00069	Pkinase	7416	7669	254	2.7e-63	212.4
A8DYP0	PF00069	Pkinase	3186	3440	255	7.6e-51	171.6
Q75JK0	PF07714	PK_Tyr_Ser-Thr	381	649	269	6.3e-54	181.5
Q86AD7	PF00069	Pkinase	20	278	259	2.1e-85	284.8
Q552C6	PF07714	PK_Tyr_Ser-Thr	300	577	278	2.1e-50	169.9
O15865	PF00069	Pkinase	72	326	255	2.4e-82	274.8
P92958	PF00069	Pkinase	20	272	253	3e-82	274.5
Q8BWQ5	PF00069	Pkinase	514	771	258	3.3e-82	274.3
P13234	PF00069	Pkinase	42	296	255	4.9e-82	273.8
Q869W6	PF00069	Pkinase	56	313	258	3.8e-82	274.1
Q91VB2	PF00069	Pkinase	23	277	255	5.2e-82	273.7
P25323	PF00069	Pkinase	8	265	258	7.2e-82	273.2
P34101	PF00069	Pkinase	218	479	262	1.4e-81	272.2
A0A5K1K8H0	PF00069	Pkinase	125	379	255	1e-81	272.8
A8X6H4	PF00069	Pkinase	22	278	257	1.4e-81	272.3
P93759	PF00069	Pkinase	54	312	259	1.8e-81	272.0
P11799	PF00069	Pkinase	1453	1708	256	2.9e-81	271.3
Q7RAH3	PF00069	Pkinase	57	324	268	5.5e-81	270.4
O64629	PF00069	Pkinase	22	273	252	3.9e-81	270.8
Q6PDN3	PF00069	Pkinase	1486	1741	256	6.2e-81	270.2
Q54VI1	PF00069	Pkinase	145	411	267	1.3e-80	269.1
Q15746	PF00069	Pkinase	1464	1719	256	1.4e-80	269.0
Q54MH0	PF00069	Pkinase	199	472	274	9e-81	269.6
P15735	PF00069	Pkinase	24	291	268	1.1e-80	269.4
Q9SIQ7	PF00069	Pkinase	66	324	259	7.7e-80	266.6
P22216	PF00069	Pkinase	199	466	268	1.2e-79	265.9
P31748	PF00069	Pkinase	171	429	259	9e-80	266.4
O60285	PF00069	Pkinase	55	306	252	1.1e-79	266.1
Q54TA3	PF00069	Pkinase	46	300	255	1.8e-79	265.4
D4A7V9	PF00069	Pkinase	777	1001	225	4.5e-37	126.4
Q39030	PF00069	Pkinase	140	395	256	1.3e-79	265.9
P25341	PF00069	Pkinase	324	602	279	1.7e-79	265.5
P32562	PF00069	Pkinase	82	337	256	1.6e-79	265.5
Q9IA88	PF00069	Pkinase	26	277	252	2.1e-79	265.1
Q02595	PF00069	Pkinase	111	364	254	2.4e-79	264.9
O62305	PF00069	Pkinase	12	269	258	2.5e-79	264.9
Q2QVG8	PF00069	Pkinase	84	342	259	6.9e-79	263.5
P15442	PF00069	Pkinase	741	981	241	1.3e-44	151.1
Q0JI49	PF00069	Pkinase	12	267	256	3.1e-79	264.6
Q8W1D5	PF00069	Pkinase	43	297	255	7.9e-79	263.3
Q8T2I8	PF00069	Pkinase	18	268	251	6.7e-78	260.2
Q54YF2	PF00069	Pkinase	31	284	254	1.3e-78	262.6
Q54CY9	PF00069	Pkinase	6	264	259	9.2e-79	263.1
O43293	PF00069	Pkinase	13	275	263	3.3e-78	261.2
Q2QAV0	PF00069	Pkinase	6	256	251	2.4e-78	261.7
O70150	PF00069	Pkinase	15	270	256	1.2e-78	262.7
Q86HG9	PF07714	PK_Tyr_Ser-Thr	360	606	247	8.3e-61	204.1
P06782	PF00069	Pkinase	55	306	252	2.5e-78	261.6
P0C8M8	PF00069	Pkinase	36	291	256	2.1e-78	261.9
Q00168	PF00069	Pkinase	14	272	259	3.1e-78	261.3
Q8MYF1	PF00069	Pkinase	128	383	256	2.3e-78	261.8
P34100	PF00069	Pkinase	334	589	256	1.7e-78	262.2
Q8CIP4	PF00069	Pkinase	59	310	252	2.3e-78	261.8
Q9UPZ9	PF00069	Pkinase	4	284	281	2.4e-78	261.7
Q6FN53	PF00069	Pkinase	620	871	252	4.8e-78	260.7
Q54DF2	PF00069	Pkinase	109	361	253	3.3e-78	261.2
P20794	PF00069	Pkinase	4	284	281	4.8e-78	260.7
Q9HGN1	PF00069	Pkinase	708	919	212	3.4e-41	139.9
A8WYE4	PF00069	Pkinase	128	379	252	5.8e-78	260.4
Q9TW45	PF00069	Pkinase	170	421	252	6.8e-78	260.2
O59790	PF00069	Pkinase	89	340	252	5.3e-78	260.6
Q5MAI5	PF00069	Pkinase	4	286	283	5.8e-78	260.4
Q9P7I2	PF00069	Pkinase	31	291	261	5.3e-78	260.6
Q38870	PF00069	Pkinase	186	444	259	8.8e-78	259.8
O01761	PF00069	Pkinase	6641	6878	238	1.8e-39	134.3
Q69ZM6	PF00069	Pkinase	4	254	251	9.5e-78	259.7
Q54SJ5	PF00069	Pkinase	38	290	253	7.1e-78	260.1
Q9FJ54	PF00069	Pkinase	12	266	255	9.7e-78	259.7
Q05512	PF00069	Pkinase	53	304	252	9.7e-78	259.7
Q9NRH2	PF00069	Pkinase	16	269	254	1.2e-77	259.4
P23647	PF00069	Pkinase	4	254	251	1.4e-77	259.2
Q95ZQ4	PF00069	Pkinase	87	339	253	1.2e-77	259.4
Q8VHF0	PF00069	Pkinase	56	307	252	1.4e-77	259.2
Q03497	PF00069	Pkinase	620	871	252	1.8e-77	258.9
Q9Y2K2	PF00069	Pkinase	66	317	252	1.9e-77	258.8
Q6P4S6	PF00069	Pkinase	66	317	252	1.9e-77	258.7
P23573	PF00069	Pkinase	8	287	280	1.3e-77	259.2
O22932	PF00069	Pkinase	21	277	257	1.6e-77	259.0
Q6H7U5	PF00069	Pkinase	12	266	255	1.9e-77	258.7
P54645	PF00069	Pkinase	27	279	253	2.3e-77	258.5
Q9SJ61	PF00069	Pkinase	132	390	259	2.6e-77	258.3
Q09170	PF00069	Pkinase	167	433	267	2.7e-77	258.3
Q93VD3	PF00069	Pkinase	31	286	256	2.8e-77	258.2
Q54QI2	PF00069	Pkinase	13	265	253	6.8e-77	256.9
Q54PB4	PF00069	Pkinase	13	269	257	2.7e-77	258.2
Q26671	PF00069	Pkinase	4	284	281	3.2e-77	258.0
Q54PX0	PF00069	Pkinase	36	288	253	6.8e-77	256.9
P62345	PF00069	Pkinase	70	328	259	4.4e-77	257.6
Q8CFH6	PF00069	Pkinase	20	271	252	4.9e-77	257.4
Q54WX4	PF00069	Pkinase	110	360	251	5.9e-77	257.1
O49717	PF00069	Pkinase	102	360	259	8.8e-77	256.6
Q5JLS2	PF00069	Pkinase	46	300	255	7.1e-77	256.9
Q8INB9	PF00069	Pkinase	266	523	258	7.2e-77	256.8
Q9BYT3	PF00069	Pkinase	116	381	266	7.8e-77	256.7
Q9Z265	PF00069	Pkinase	224	490	267	7.7e-77	256.8
P32490	PF00069	Pkinase	221	488	268	8.1e-77	256.7
Q6I587	PF00069	Pkinase	90	348	259	5.3e-76	254.0
P34102	PF00069	Pkinase	498	763	266	2.8e-76	254.9
P28178	PF00069	Pkinase	153	407	255	1.2e-76	256.1
Q6DGS3	PF00069	Pkinase	13	271	259	1.3e-76	256.0
P50528	PF00069	Pkinase	41	296	256	1.7e-76	255.6
Q69Q47	PF00069	Pkinase	18	271	254	1.2e-76	256.1
Q84SN3	PF00069	Pkinase	4	283	280	1.1e-76	256.2
Q28GW8	PF00069	Pkinase	13	265	253	1.4e-76	255.9
Q9NJU9	PF00069	Pkinase	118	373	256	2.3e-76	255.2
Q9VI13	PF00069	Pkinase	430	681	252	2.1e-76	255.4
P53682	PF00069	Pkinase	73	331	259	3.9e-76	254.5
Q03957	PF00069	Pkinase	183	469	287	2.8e-76	254.9
Q80YE7	PF00069	Pkinase	13	275	263	3e-76	254.8
F4HRJ4	PF00069	Pkinase	214	470	257	2.8e-76	254.9
P53739	PF00069	Pkinase	496	777	282	4.8e-76	254.1
P50527	PF00069	Pkinase	386	637	252	4.6e-76	254.2
P0DP15	PF00069	Pkinase	62	313	252	5.5e-76	254.0
P45894	PF00069	Pkinase	24	276	253	5.2e-76	254.0
P32491	PF00069	Pkinase	214	481	268	5.4e-76	254.0
Q6C3J2	PF00069	Pkinase	99	350	252	4.9e-76	254.1
P05986	PF00069	Pkinase	88	342	255	5e-76	254.1
O74536	PF00069	Pkinase	34	285	252	8.2e-76	253.4
Q9Y899	PF00069	Pkinase	18	279	262	7.4e-76	253.5
Q94C95	PF00069	Pkinase	10	268	259	7.9e-76	253.4
O14098	PF00069	Pkinase	277	561	285	7.4e-76	253.5
B2DD29	PF00069	Pkinase	34	285	252	1.1e-75	253.0
P11801	PF00069	Pkinase	98	355	258	1.5e-75	252.6
O60674	PF07714	PK_Tyr_Ser-Thr	849	1123	275	7.7e-87	289.4
Q13554	PF00069	Pkinase	14	272	259	1.7e-75	252.3
Q6BVA0	PF00069	Pkinase	148	401	254	2e-75	252.1
P54644	PF00069	Pkinase	120	374	255	1.9e-75	252.2
Q4R7T5	PF00069	Pkinase	4	287	284	2.6e-75	251.8
Q54BF0	PF00069	Pkinase	180	472	293	4.8e-74	247.6
Q75DK7	PF00069	Pkinase	683	934	252	2.6e-75	251.7
Q9LP51	PF00069	Pkinase	74	328	255	2.9e-75	251.6
Q55FT4	PF00069	Pkinase	5	257	253	2e-75	252.1
P07334	PF00069	Pkinase	12	258	247	5e-75	250.8
P28829	PF00069	Pkinase	394	658	265	3e-75	251.6
O22040	PF00069	Pkinase	69	331	263	3.8e-75	251.2
Q86YV6	PF00069	Pkinase	106	361	256	3.2e-75	251.5
Q54XJ4	PF00069	Pkinase	22	279	258	2.6e-75	251.7
P27466	PF00069	Pkinase	37	299	263	4.8e-75	250.9
P34099	PF00069	Pkinase	336	590	255	2.8e-75	251.6
Q0D4B2	PF00069	Pkinase	87	342	256	5.3e-75	250.7
Q9U2H1	PF00069	Pkinase	4	286	283	3.4e-75	251.3
Q19469	PF00069	Pkinase	47	298	252	5.3e-75	250.7
Q9LJD8	PF00069	Pkinase	20	274	255	7.6e-75	250.2
Q03042	PF00069	Pkinase	457	717	261	1.3e-74	249.5
Q6NSM8	PF00069	Pkinase	59	310	252	6.6e-75	250.4
Q5AG71	PF00069	Pkinase	65	330	266	1.1e-74	249.7
Q6BRY2	PF00069	Pkinase	8	290	283	5.6e-75	250.7
P06242	PF00069	Pkinase	7	290	284	5e-75	250.8
O22042	PF00069	Pkinase	68	330	263	7.1e-75	250.3
Q59W62	PF00069	Pkinase	28	288	261	1.1e-74	249.7
Q2VWQ3	PF00069	Pkinase	361	612	252	9.1e-75	250.0
Q6CWQ4	PF00069	Pkinase	100	351	252	9.2e-75	250.0
F1QGZ6	PF00069	Pkinase	13	265	253	1.1e-74	249.6
F4IRW0	PF00069	Pkinase	12	269	258	1.4e-74	249.3
Q13237	PF00069	Pkinase	453	711	259	6.1e-72	240.7
J9W0G9	PF00069	Pkinase	245	500	256	1e-74	249.8
Q8AXB4	PF00069	Pkinase	288	539	252	1.3e-74	249.4
B3DL84	PF00069	Pkinase	12	265	254	1.5e-74	249.2
P38991	PF00069	Pkinase	104	355	252	1.4e-74	249.3
Q86IX1	PF00069	Pkinase	29	281	253	2.3e-74	248.7
Q8BZN4	PF00069	Pkinase	57	315	259	1.8e-74	249.0
C0HKC8	PF00069	Pkinase	28	276	249	1.7e-74	249.0
Q8IWQ3	PF00069	Pkinase	19	270	252	2.4e-74	248.6
Q76P07	PF00069	Pkinase	9	262	254	2.4e-74	248.6
A8XNJ6	PF00069	Pkinase	136	393	258	2.5e-74	248.5
Q1ZXC8	PF00069	Pkinase	18	263	246	1.8e-74	249.0
Q32MK0	PF00069	Pkinase	515	770	256	2.7e-74	248.4
Q91819	PF00069	Pkinase	140	390	251	2.4e-74	248.6
B3WFY8	PF00069	Pkinase	11	291	281	3e-74	248.2
D7UQM5	PF00069	Pkinase	147	399	253	3.3e-74	248.1
D3ZHP7	PF00069	Pkinase	14	270	257	3.2e-74	248.2
Q8SR86	PF00069	Pkinase	5	288	284	2.8e-74	248.3
Q3UIZ8	PF00069	Pkinase	491	746	256	3.6e-74	248.0
O61267	PF00069	Pkinase	174	441	268	3.3e-74	248.1
Q5B4Z3	PF00069	Pkinase	60	310	251	1.1e-73	246.5
P48609	PF00069	Pkinase	4	286	283	3.2e-74	248.2
P21137	PF00069	Pkinase	81	335	255	3.5e-74	248.0
Q9C562	PF00069	Pkinase	12	266	255	3.9e-74	247.9
Q558U1	PF00069	Pkinase	1254	1482	229	1.2e-40	138.1
A8XQD5	PF00069	Pkinase	892	1147	256	1.4e-73	246.1
Q8BLF2	PF00069	Pkinase	4	286	283	7.5e-74	247.0
Q7RZD3	PF00069	Pkinase	674	925	252	7e-74	247.1
Q5QNM6	PF00069	Pkinase	25	279	255	6.8e-74	247.1
Q6CVA2	PF00069	Pkinase	698	949	252	2.1e-73	245.5
Q86HN7	PF00069	Pkinase	163	416	254	6.6e-74	247.1
Q12263	PF00069	Pkinase	19	289	271	3.9e-73	244.6
Q9CAD5	PF00069	Pkinase	400	656	257	9.3e-74	246.6
Q4P5N0	PF00069	Pkinase	472	723	252	9e-74	246.7
D2I3C6	PF00069	Pkinase	411	668	258	1.1e-73	246.4
Q6Z8C8	PF00069	Pkinase	4	283	280	1.1e-73	246.5
A2VDZ4	PF00069	Pkinase	12	265	254	1.1e-73	246.4
P49673	PF00069	Pkinase	29	283	255	1e-73	246.5
Q54PK9	PF00069	Pkinase	271	527	257	2.6e-73	245.2
O76039	PF00069	Pkinase	13	297	285	1.5e-73	245.9
P57058	PF00069	Pkinase	63	320	258	1.6e-73	245.9
Q64702	PF00069	Pkinase	12	265	254	1.7e-73	245.8
Q9VXE5	PF00069	Pkinase	368	619	252	1.5e-73	245.9
P25389	PF00069	Pkinase	21	285	265	2.4e-73	245.3
Q9Y6E0	PF00069	Pkinase	36	286	251	1.5e-73	245.9
P0CY23	PF00069	Pkinase	953	1205	253	2.8e-73	245.1
Q4WHP3	PF00069	Pkinase	534	785	252	1.9e-73	245.6
Q55FJ6	PF00069	Pkinase	4	286	283	2.8e-73	245.1
Q7JP68	PF00069	Pkinase	90	344	255	1.8e-73	245.7
Q7ZVS3	PF00069	Pkinase	12	265	254	2.3e-73	245.4
P43294	PF00069	Pkinase	12	291	280	2.1e-73	245.5
O94547	PF00069	Pkinase	124	421	298	2.9e-73	245.0
P34208	PF00069	Pkinase	10	272	263	3e-73	245.0
Q9UEE5	PF00069	Pkinase	62	321	260	2.9e-73	245.0
Q55CA6	PF00069	Pkinase	78	329	252	2e-73	245.5
Q54R82	PF00069	Pkinase	170	429	260	5.2e-73	244.2
O42844	PF00069	Pkinase	65	351	287	4.2e-73	244.5
Q7Y0B9	PF00069	Pkinase	33	289	257	3.2e-73	244.9
Q5JLQ9	PF00069	Pkinase	17	272	256	3.6e-73	244.7
P46551	PF00069	Pkinase	311	605	295	3.8e-73	244.6
Q8SRL5	PF00069	Pkinase	10	263	254	3.1e-73	244.9
O01427	PF00069	Pkinase	30	280	251	3.5e-73	244.7
P52304	PF00069	Pkinase	25	277	253	5e-73	244.3
Q9P7J8	PF00069	Pkinase	230	485	256	4.1e-73	244.5
Q55GC2	PF00069	Pkinase	20	276	257	3.2e-73	244.9
O42626	PF00069	Pkinase	242	532	291	6.9e-73	243.8
U4PR86	PF00069	Pkinase	11	265	255	5.9e-73	244.0
P34556	PF00069	Pkinase	22	312	291	4.4e-73	244.4
P39009	PF00069	Pkinase	200	480	281	5.1e-73	244.2
Q9R011	PF00069	Pkinase	62	314	253	5.4e-73	244.2
Q755C4	PF00069	Pkinase	109	360	252	6.2e-73	244.0
P34244	PF00069	Pkinase	123	369	247	8e-67	223.9
O00444	PF00069	Pkinase	12	265	254	8e-73	243.6
Q9JI10	PF00069	Pkinase	27	278	252	7.5e-73	243.7
Q6AVI8	PF00069	Pkinase	101	359	259	7.4e-73	243.7
G1X456	PF00069	Pkinase	208	463	256	6.2e-73	243.9
Q6I5Y0	PF00069	Pkinase	25	325	301	6.4e-73	243.9
Q9VP22	PF00069	Pkinase	804	1098	295	9.3e-73	243.4
Q2ULU3	PF00069	Pkinase	567	818	252	9e-73	243.4
Q9S7U9	PF00069	Pkinase	70	330	261	6.7e-73	243.8
O45818	PF00069	Pkinase	771	1026	256	1.3e-72	242.9
P22517	PF00069	Pkinase	47	309	263	8.9e-73	243.4
Q6Z9F4	PF00069	Pkinase	23	278	256	8.6e-73	243.5
Q6ERS4	PF00069	Pkinase	22	277	256	9.4e-73	243.4
B4MXR8	PF00069	Pkinase	14	268	255	1.2e-72	243.0
Q9LZW4	PF00069	Pkinase	22	276	255	1.2e-72	243.0
Q54MV2	PF00069	Pkinase	65	320	256	1.7e-72	242.5
Q6FV07	PF00069	Pkinase	100	351	252	1.3e-72	243.0
A8C984	PF00069	Pkinase	404	659	256	1.7e-72	242.5
P54685	PF00069	Pkinase	4	288	285	1.9e-72	242.3
Q17941	PF00069	Pkinase	193	450	258	1.8e-72	242.4
Q69IM9	PF00069	Pkinase	105	368	264	1.9e-72	242.3
Q8SWM6	PF00069	Pkinase	24	279	256	1.8e-72	242.5
Q03043	PF00069	Pkinase	777	1036	260	4.2e-72	241.2
Q17850	PF00069	Pkinase	295	546	252	2.4e-72	242.0
Q5Z6X0	PF00069	Pkinase	21	281	261	2.3e-72	242.1
P97377	PF00069	Pkinase	4	231	228	1.3e-64	216.7
Q5R4L1	PF00069	Pkinase	82	334	253	3.2e-72	241.6
Q7XJR9	PF00069	Pkinase	108	368	261	3.2e-72	241.6
P16912	PF00069	Pkinase	274	528	255	3.1e-72	241.7
Q6BNF3	PF00069	Pkinase	801	1053	253	4.5e-72	241.1
Q62101	PF00069	Pkinase	591	845	255	3.8e-72	241.4
Q16W24	PF00069	Pkinase	10	263	254	4e-72	241.3
Q8W490	PF00069	Pkinase	107	355	249	3.3e-72	241.6
Q4X1A8	PF00069	Pkinase	294	551	258	3.4e-72	241.5
Q7XUF4	PF00069	Pkinase	365	656	292	3.8e-72	241.4
P23293	PF00069	Pkinase	60	366	307	3.5e-72	241.5
Q86CS2	PF00069	Pkinase	7	266	260	3.7e-72	241.4
Q9XIW0	PF00069	Pkinase	25	280	256	2.3e-71	238.8
Q6C3D7	PF00069	Pkinase	844	1095	252	7.7e-72	240.4
D2H526	PF00069	Pkinase	728	1021	294	8.4e-72	240.2
Q8IY84	PF00069	Pkinase	74	325	252	7.9e-72	240.3
E1BB52	PF00069	Pkinase	706	999	294	8.1e-72	240.3
Q12126	PF00069	Pkinase	11	292	282	6.2e-72	240.7
Q40541	PF00069	Pkinase	80	342	263	7.5e-72	240.4
P22987	PF00069	Pkinase	125	395	271	1.1e-70	236.5
A4IFM7	PF00069	Pkinase	312	567	256	8.1e-72	240.3
Q06309	PF00069	Pkinase	5	297	293	8.8e-72	240.2
P38692	PF00069	Pkinase	23	276	254	1.1e-71	239.8
Q556S2	PF00069	Pkinase	42	294	253	9.7e-72	240.0
Q00771	PF00069	Pkinase	23	278	256	1.1e-71	239.8
P29620	PF00069	Pkinase	19	299	281	1.1e-71	239.8
A7SNN5	PF00069	Pkinase	13	266	254	3.2e-71	238.3
Q84UI5	PF00069	Pkinase	70	352	283	1.7e-71	239.2
O80902	PF00069	Pkinase	28	282	255	1.7e-71	239.2
Q9VKN7	PF00069	Pkinase	53	305	253	1.6e-71	239.3
Q09639	PF00069	Pkinase	191	455	265	2.5e-71	238.7
Q6TJY3	PF00069	Pkinase	91	352	262	3e-71	238.4
Q04770	PF00069	Pkinase	4	283	280	1.9e-71	239.1
Q09178	PF07714	PK_Tyr_Ser-Thr	875	1149	275	1.6e-82	275.2
O13945	PF00069	Pkinase	23	274	252	2.5e-71	238.7
O44997	PF00069	Pkinase	28	289	262	3.7e-71	238.1
P53350	PF00069	Pkinase	53	305	253	3.5e-71	238.2
P40376	PF00069	Pkinase	201	456	256	3.2e-71	238.3
P29597	PF07714	PK_Tyr_Ser-Thr	897	1169	273	1.2e-81	272.4
Q09831	PF00069	Pkinase	195	485	291	5.8e-71	237.5
O94806	PF00069	Pkinase	577	832	256	5.6e-71	237.5
Q60EY8	PF00069	Pkinase	12	276	265	5.5e-71	237.6
Q21017	PF00069	Pkinase	16	267	252	4.9e-71	237.7
Q9FGW5	PF00069	Pkinase	297	593	297	5e-71	237.7
P20911	PF00069	Pkinase	18	301	284	4.3e-71	237.9
P51954	PF00069	Pkinase	4	258	255	1e-70	236.7
Q6P431	PF00069	Pkinase	83	367	285	6.5e-71	237.3
O61122	PF00069	Pkinase	12	262	251	6.5e-71	237.3
Q9SPK4	PF00069	Pkinase	15	273	259	5.7e-71	237.5
P51817	PF00069	Pkinase	49	303	255	6e-71	237.4
Q9FX86	PF00069	Pkinase	150	412	263	7.6e-71	237.1
Q54W86	PF00069	Pkinase	566	868	303	5.1e-70	234.4
Q12706	PF00069	Pkinase	91	341	251	8.6e-71	236.9
O70405	PF00069	Pkinase	16	278	263	9.1e-71	236.8
H2L099	PF00069	Pkinase	34	285	252	9.4e-71	236.8
O24527	PF00069	Pkinase	249	503	255	1.2e-70	236.5
Q9QY01	PF00069	Pkinase	9	271	263	1.2e-70	236.4
Q9XTR1	PF00069	Pkinase	104	388	285	1.2e-70	236.4
Q10056	PF00069	Pkinase	309	566	258	1.5e-70	236.2
A8XWC4	PF00069	Pkinase	464	725	262	1.4e-70	236.2
G5EFV5	PF00069	Pkinase	5	289	285	1.1e-70	236.6
Q8SW31	PF00069	Pkinase	58	316	259	2.1e-70	235.7
G4N7X0	PF00069	Pkinase	641	911	271	6.6e-70	234.0
O61847	PF00069	Pkinase	45	330	286	1.4e-70	236.3
A0AUV4	PF00069	Pkinase	28	276	249	1.6e-70	236.1
A1A5Q6	PF00069	Pkinase	24	271	248	2.1e-70	235.6
Q9NAH6	PF00069	Pkinase	83	344	262	2.3e-70	235.6
O48837	PF00069	Pkinase	117	413	297	6.4e-40	135.7
O35831	PF00069	Pkinase	192	473	282	3e-70	235.2
P33981	PF00069	Pkinase	525	791	267	3.7e-70	234.9
A9SY39	PF00069	Pkinase	426	679	254	2.8e-70	235.2
Q9Y6R4	PF00069	Pkinase	1343	1601	259	4.4e-70	234.6
P42525	PF00069	Pkinase	149	437	289	2.3e-70	235.5
Q94CG0	PF00069	Pkinase	12	264	253	4.2e-70	234.7
Q9ZUZ2	PF00069	Pkinase	143	405	263	3.9e-70	234.8
P06784	PF00069	Pkinase	191	466	276	4.1e-70	234.7
P34331	PF00069	Pkinase	38	289	252	4.7e-70	234.5
Q6GPL3	PF00069	Pkinase	100	350	251	4.1e-70	234.7
Q8C0X8	PF00069	Pkinase	24	271	248	6.3e-70	234.1
P54119	PF00069	Pkinase	4	307	304	5.3e-70	234.3
O94768	PF00069	Pkinase	33	293	261	4.7e-70	234.5
Q96PY6	PF00069	Pkinase	4	258	255	1.1e-69	233.2
P49137	PF00069	Pkinase	64	325	262	6.6e-70	234.0
O14047	PF00069	Pkinase	6	258	253	5.7e-70	234.2
Q5APR8	PF00069	Pkinase	685	940	256	9.5e-70	233.5
Q9USX7	PF00069	Pkinase	155	445	291	1.2e-69	233.2
P13185	PF00069	Pkinase	120	398	279	1.1e-67	226.8
Q54RV3	PF00069	Pkinase	139	390	252	6e-70	234.2
Q8C0V7	PF00069	Pkinase	14	262	249	8.4e-70	233.7
Q54UZ1	PF00069	Pkinase	86	348	263	8.7e-70	233.6
Q6P3R8	PF00069	Pkinase	4	259	256	2.1e-69	232.3
P11792	PF00069	Pkinase	412	671	260	1.8e-69	232.6
Q54I36	PF07714	PK_Tyr_Ser-Thr	1057	1301	245	1.5e-67	226.1
Q8I113	PF00069	Pkinase	204	493	290	1.3e-69	233.1
O61125	PF00069	Pkinase	20	273	254	1.4e-69	233.0
O14936	PF00069	Pkinase	12	276	265	2.2e-69	232.3
P50530	PF00069	Pkinase	302	563	262	2e-69	232.5
Q59S66	PF00069	Pkinase	242	515	274	5e-69	231.1
B5X564	PF00069	Pkinase	105	389	285	2.5e-69	232.1
Q501Q9	PF00069	Pkinase	14	305	292	2.4e-69	232.2
G5EFU0	PF00069	Pkinase	231	482	252	2.2e-69	232.3
Q6YY75	PF00069	Pkinase	4	257	254	2.8e-69	232.0
Q8T0S6	PF00069	Pkinase	42	293	252	3.8e-69	231.5
Q9H2G2	PF00069	Pkinase	34	292	259	2e-69	232.5
Q9NB31	PF00069	Pkinase	35	286	252	3.3e-69	231.7
Q9LT35	PF00069	Pkinase	4	257	254	3.7e-69	231.6
Q40884	PF00069	Pkinase	32	319	288	2.5e-69	232.1
Q20845	PF00069	Pkinase	35	286	252	3.7e-69	231.6
Q9URY1	PF00069	Pkinase	31	279	249	3.6e-69	231.6
Q54QB1	PF00069	Pkinase	14	304	291	3.2e-69	231.8
Q5AHG6	PF00069	Pkinase	392	653	262	4.5e-69	231.3
Q8C015	PF00069	Pkinase	449	700	252	3.6e-69	231.6
Q55D99	PF00069	Pkinase	911	1164	254	6.7e-69	230.7
Q753D9	PF00069	Pkinase	10	271	262	4.5e-69	231.3
Q56UN5	PF00069	Pkinase	1061	1324	264	5.2e-67	224.5
Q7TSC3	PF00069	Pkinase	4	255	252	5.7e-69	231.0
Q54IF2	PF00069	Pkinase	173	430	258	5.7e-69	231.0
O14299	PF00069	Pkinase	1037	1306	270	7.3e-69	230.6
Q12152	PF00069	Pkinase	41	287	247	8.1e-69	230.5
Q61084	PF00069	Pkinase	362	622	261	7.2e-69	230.6
P13186	PF00069	Pkinase	99	377	279	4.5e-67	224.7
P34103	PF00069	Pkinase	679	934	256	5.6e-69	231.0
Q9XF67	PF00069	Pkinase	44	311	268	8.2e-69	230.4
Q6FQ83	PF00069	Pkinase	60	378	319	1.3e-68	229.8
P12688	PF00069	Pkinase	347	602	256	1.8e-68	229.3
O76360	PF00069	Pkinase	469	729	261	1.1e-67	226.7
Q75D46	PF00069	Pkinase	56	372	317	1.4e-68	229.7
O08911	PF00069	Pkinase	27	311	285	1.3e-68	229.8
Q3ULB5	PF00069	Pkinase	408	659	252	1.4e-68	229.7
B7XHR6	PF00069	Pkinase	67	316	250	1.8e-68	229.3
B4GXC2	PF00069	Pkinase	484	742	259	1.9e-68	229.2
F1NBT0	PF00069	Pkinase	36	294	259	1.3e-68	229.8
O55173	PF00069	Pkinase	85	344	260	1.9e-68	229.2
Q55GV3	PF00069	Pkinase	204	458	255	2e-68	229.2
A9RVK2	PF00069	Pkinase	431	684	254	2.5e-68	228.8
Q869N2	PF00069	Pkinase	571	823	253	2e-68	229.1
Q13233	PF00069	Pkinase	1243	1508	266	3.1e-68	228.6
Q6ZAG3	PF00069	Pkinase	27	320	294	2.4e-68	228.9
Q8R4V0	PF00069	Pkinase	162	419	258	2.8e-68	228.7
Q6CRA9	PF00069	Pkinase	55	379	325	3.8e-68	228.3
Q10407	PF00069	Pkinase	825	1094	270	5.2e-68	227.8
F4JY37	PF00069	Pkinase	4	253	250	6e-68	227.6
Q8BTW9	PF00069	Pkinase	323	574	252	4.4e-68	228.1
Q16975	PF00069	Pkinase	403	663	261	5.9e-68	227.6
O14305	PF00069	Pkinase	9	260	252	8.5e-68	227.1
Q10364	PF00069	Pkinase	266	527	262	5.9e-68	227.6
Q01389	PF00069	Pkinase	1175	1440	266	7.5e-68	227.3
Q4FZD7	PF00069	Pkinase	27	279	253	6.8e-68	227.4
P10506	PF00069	Pkinase	66	320	255	2.2e-67	225.8
O14757	PF00069	Pkinase	9	265	257	7.3e-68	227.3
O59697	PF00069	Pkinase	53	305	253	7.5e-68	227.3
P31374	PF00069	Pkinase	1096	1354	259	1.6e-67	226.2
Q55GS4	PF00069	Pkinase	7	293	287	1.1e-67	226.7
Q0J4I1	PF00069	Pkinase	28	318	291	7.7e-68	227.3
Q9C5H5	PF00069	Pkinase	346	607	262	9.8e-68	226.9
A1Z9X0	PF00069	Pkinase	264	532	269	1.1e-67	226.8
Q54JG7	PF00069	Pkinase	21	278	258	1.1e-67	226.7
Q4V862	PF00069	Pkinase	19	319	301	9.9e-68	226.9
F4I114	PF00069	Pkinase	163	447	285	1.3e-67	226.5
Q9R0A5	PF00069	Pkinase	4	253	250	1.2e-67	226.6
Q24324	PF00069	Pkinase	87	364	278	1.2e-67	226.6
G5EGQ3	PF00069	Pkinase	376	627	252	1.3e-67	226.5
Q54L81	PF00069	Pkinase	64	358	295	3.5e-67	225.1
O80397	PF00069	Pkinase	79	334	256	1.3e-67	226.5
Q96PN8	PF00069	Pkinase	10	265	256	1.5e-67	226.3
Q95YH0	PF00069	Pkinase	44	348	305	1.6e-67	226.2
Q965G5	PF00069	Pkinase	13	276	264	2.1e-67	225.9
Q09537	PF00069	Pkinase	203	470	268	2.4e-67	225.6
P31152	PF00069	Pkinase	20	312	293	2.3e-67	225.7
P52333	PF07714	PK_Tyr_Ser-Thr	822	1095	274	6.8e-81	269.9
Q8S9D1	PF00069	Pkinase	13	268	256	3e-67	225.3
Q00534	PF00069	Pkinase	13	300	288	2.4e-67	225.6
Q9SLI2	PF00069	Pkinase	4	258	255	2.9e-67	225.3
Q5A1D3	PF00069	Pkinase	70	375	306	2.1e-67	225.8
O62618	PF00069	Pkinase	25	312	288	2.7e-67	225.4
O61661	PF00069	Pkinase	22	279	258	3.3e-67	225.2
Q1ZXH2	PF00069	Pkinase	625	885	261	4.1e-67	224.9
G4NEB8	PF00069	Pkinase	61	325	265	5.5e-67	224.5
O94487	PF00069	Pkinase	162	327	166	5.1e-44	149.2
Q9NGW9	PF00069	Pkinase	438	687	250	4.4e-67	224.8
Q94CU5	PF00069	Pkinase	8	262	255	8.8e-67	223.8
Q9HFW2	PF00069	Pkinase	526	776	251	1e-66	223.6
Q1ZXI5	PF00069	Pkinase	756	927	172	1.1e-44	151.3
P23561	PF00069	Pkinase	473	712	240	7.4e-60	201.1
Q6FIU2	PF00069	Pkinase	23	302	280	9.9e-67	223.6
Q552Z2	PF00069	Pkinase	860	1112	253	5.8e-44	149.0
Q55BN8	PF00069	Pkinase	4	264	261	6.5e-67	224.2
Q8RXT4	PF00069	Pkinase	4	258	255	9.7e-67	223.6
P83099	PF00069	Pkinase	343	601	259	9.2e-67	223.7
Q54VU4	PF00069	Pkinase	542	805	264	6.8e-67	224.1
Q8SQW2	PF00069	Pkinase	22	297	276	8.1e-67	223.9
Q23023	PF00069	Pkinase	9	275	267	1.1e-66	223.5
Q5A3P6	PF00069	Pkinase	240	502	263	1.5e-66	223.0
Q99078	PF00069	Pkinase	109	417	309	1.4e-66	223.1
P51957	PF00069	Pkinase	6	261	256	1.5e-66	223.0
Q9U1Y5	PF00069	Pkinase	170	436	267	1.4e-66	223.2
A9S5R3	PF00069	Pkinase	70	332	263	1.2e-66	223.3
Q9LE81	PF00069	Pkinase	754	1043	290	1.5e-65	219.8
O35495	PF00069	Pkinase	135	419	285	1.5e-66	223.0
O08874	PF00069	Pkinase	658	917	260	2.3e-66	222.4
Q10292	PF00069	Pkinase	161	421	261	2e-66	222.6
A8WUG4	PF00069	Pkinase	253	522	270	1.8e-66	222.8
Q96WV9	PF00069	Pkinase	36	339	304	2.3e-66	222.4
Q9Z1J2	PF00069	Pkinase	6	261	256	2.8e-66	222.1
Q9W354	PF00069	Pkinase	25	319	295	2.4e-66	222.4
A2BD05	PF00069	Pkinase	45	307	263	2.4e-66	222.4
F4J6F6	PF00069	Pkinase	882	1171	290	1.5e-65	219.7
A2AQW0	PF00069	Pkinase	658	912	255	3.7e-66	221.7
Q0WPH8	PF00069	Pkinase	8	262	255	3.8e-66	221.7
D3ZGQ5	PF00069	Pkinase	4	258	255	3.4e-66	221.8
Q9UKE5	PF00069	Pkinase	25	289	265	6.5e-66	220.9
O01775	PF00069	Pkinase	4	267	264	3.9e-66	221.7
P39745	PF00069	Pkinase	96	384	289	4.3e-66	221.5
Q55FS2	PF00069	Pkinase	23	274	252	3.4e-66	221.9
Q96Q40	PF00069	Pkinase	103	387	285	4.3e-66	221.5
F4HPN2	PF00069	Pkinase	670	955	286	1.2e-64	216.8
P14681	PF00069	Pkinase	13	313	301	5.1e-66	221.3
Q7SY52	PF00069	Pkinase	37	295	259	9e-66	220.5
Q6L5D4	PF00069	Pkinase	107	398	292	6.6e-66	220.9
P23298	PF00069	Pkinase	355	614	260	6.2e-66	221.0
Q63651	PF00069	Pkinase	190	449	260	6.2e-66	221.0
Q55GU0	PF07714	PK_Tyr_Ser-Thr	662	912	251	4.1e-69	231.3
Q2QMI0	PF00069	Pkinase	25	284	260	5.9e-66	221.1
Q80Y86	PF00069	Pkinase	14	305	292	6.7e-66	220.9
Q23357	PF00069	Pkinase	304	600	297	9.1e-66	220.5
P48562	PF00069	Pkinase	581	825	245	8.2e-65	217.3
P34947	PF00069	Pkinase	186	448	263	1e-65	220.3
Q8C078	PF00069	Pkinase	165	446	282	3.6e-65	218.5
P16911	PF00069	Pkinase	45	301	257	1e-65	220.3
Q11179	PF00069	Pkinase	13	306	294	1.3e-65	219.9
Q552E9	PF00069	Pkinase	810	1044	235	5.4e-45	152.4
P27638	PF00069	Pkinase	39	327	289	1.2e-65	220.0
Q9BXA7	PF00069	Pkinase	12	272	261	1.3e-65	220.0
Q12701	PF00069	Pkinase	99	366	268	1.6e-65	219.6
Q60DG4	PF00069	Pkinase	8	262	255	2.3e-65	219.2
Q16659	PF00069	Pkinase	20	316	297	2.2e-65	219.2
O35099	PF00069	Pkinase	689	945	257	3.1e-65	218.7
Q6GPK9	PF00069	Pkinase	28	281	254	5.2e-65	218.0
Q869T7	PF00069	Pkinase	394	646	253	6.3e-65	217.7
P80192	PF00069	Pkinase	144	404	261	3.4e-65	218.6
P13677	PF00069	Pkinase	371	629	259	2.9e-65	218.8
O60145	PF00069	Pkinase	74	359	286	2.7e-65	218.9
Q13163	PF00069	Pkinase	166	419	254	2.6e-65	218.9
Q08942	PF00069	Pkinase	20	279	260	6e-65	217.8
Q9ZVM9	PF00069	Pkinase	118	402	285	3e-65	218.8
Q54RB2	PF00069	Pkinase	52	336	285	3.4e-65	218.6
Q8IVH8	PF00069	Pkinase	16	273	258	3.8e-65	218.4
P34885	PF00069	Pkinase	378	638	261	4.2e-65	218.3
Q54TN4	PF00069	Pkinase	432	683	252	3e-65	218.8
Q9U9Y8	PF00069	Pkinase	240	531	292	5.5e-65	217.9
Q86I06	PF00069	Pkinase	4	264	261	9.1e-65	217.2
Q6BS08	PF00069	Pkinase	22	318	297	8.5e-65	217.3
P05130	PF00069	Pkinase	350	608	259	5.8e-65	217.8
P87050	PF00069	Pkinase	10	262	253	5.6e-65	217.9
Q9WVS4	PF00069	Pkinase	4	285	282	6e-65	217.8
Q4WTN5	PF00069	Pkinase	25	326	302	5.2e-65	218.0
P43057	PF00069	Pkinase	770	1029	260	8.7e-65	217.3
Q03407	PF00069	Pkinase	125	391	267	3.9e-64	215.1
Q9FJV0	PF00069	Pkinase	70	331	262	5.6e-65	217.9
G4NDR3	PF00069	Pkinase	1238	1507	270	7.1e-65	217.5
P51136	PF00069	Pkinase	56	339	284	6.8e-65	217.6
A8WVU9	PF00069	Pkinase	68	330	263	5.5e-65	217.9
Q2TBL8	PF00069	Pkinase	37	321	285	6.7e-65	217.6
Q8SRF5	PF00069	Pkinase	4	260	257	7.3e-65	217.5
Q13164	PF00069	Pkinase	55	347	293	9e-65	217.2
Q8MMZ7	PF00069	Pkinase	684	941	258	1.2e-64	216.7
P83100	PF00069	Pkinase	20	305	286	8.6e-65	217.3
Q8I7M8	PF00069	Pkinase	328	609	282	1.5e-64	216.4
Q54MY9	PF00069	Pkinase	585	836	252	7.9e-65	217.4
Q17446	PF00069	Pkinase	35	319	285	1.1e-64	216.9
Q6SA08	PF00069	Pkinase	25	293	269	1e-64	217.0
A0A194W8T8	PF00069	Pkinase	1556	1825	270	1.1e-64	216.9
Q9HG11	PF00069	Pkinase	20	299	280	1.2e-64	216.7
Q9M0T3	PF00069	Pkinase	303	557	255	2e-64	216.0
P32866	PF00069	Pkinase	309	574	266	1.5e-64	216.5
P21127	PF00069	Pkinase	438	723	286	1.1e-64	216.9
Q09898	PF00069	Pkinase	208	508	301	2e-63	212.8
E2RTQ7	PF00069	Pkinase	20	300	281	1.9e-64	216.1
Q02111	PF00069	Pkinase	380	634	255	2.1e-64	216.0
A8BPK8	PF00069	Pkinase	22	204	183	1.6e-45	154.1
Q12236	PF00069	Pkinase	179	443	265	2.6e-64	215.7
F4I1N8	PF00069	Pkinase	7	259	253	1.9e-64	216.1
Q9LM33	PF00069	Pkinase	104	395	292	2.2e-64	215.9
Q4KM34	PF00069	Pkinase	4	288	285	1.8e-64	216.2
P51955	PF00069	Pkinase	8	271	264	5.2e-64	214.7
Q55CL6	PF00069	Pkinase	292	641	350	5.9e-64	214.5
Q336M2	PF00069	Pkinase	19	337	319	3.6e-64	215.2
Q10GB1	PF00069	Pkinase	4	258	255	2.4e-64	215.8
Q1EBK0	PF00069	Pkinase	79	408	330	2.2e-64	215.9
Q0KHQ5	PF00069	Pkinase	27	280	254	4.5e-64	214.9
Q54WW7	PF00069	Pkinase	201	462	262	2e-64	216.1
Q8C0N0	PF00069	Pkinase	28	275	248	2.6e-64	215.7
Q9URT9	PF00069	Pkinase	25	309	285	2.5e-64	215.7
Q8QZV4	PF00069	Pkinase	94	353	260	3.3e-64	215.4
Q3UHL1	PF00069	Pkinase	24	286	263	2.8e-64	215.6
P0CP66	PF00069	Pkinase	16	309	294	3.2e-64	215.4
Q9Z1W9	PF00069	Pkinase	75	349	275	3.6e-64	215.2
Q9Y884	PF00069	Pkinase	80	343	264	4.1e-64	215.0
Q9GRU1	PF00069	Pkinase	30	318	289	3.9e-64	215.1
Q8MMZ8	PF00069	Pkinase	693	950	258	3.3e-64	215.3
A0A509ALV6	PF00069	Pkinase	1043	1295	253	3.4e-64	215.3
Q8RX66	PF00069	Pkinase	4	258	255	4.4e-64	214.9
Q09437	PF00069	Pkinase	356	647	292	6.2e-64	214.4
P18431	PF00069	Pkinase	54	338	285	5e-64	214.8
Q54Y26	PF00069	Pkinase	112	406	295	3.3e-62	208.8
Q95QC4	PF00069	Pkinase	482	743	262	7.7e-64	214.1
P34722	PF00069	Pkinase	375	628	254	8.4e-64	214.0
Q9YHZ5	PF00069	Pkinase	30	290	261	6.1e-64	214.5
Q6ZQ29	PF00069	Pkinase	28	281	254	7.9e-64	214.1
A7E3S4	PF00069	Pkinase	349	608	260	7.4e-64	214.2
I1RNG8	PF00069	Pkinase	24	327	304	1.2e-63	213.5
Q54QD5	PF00069	Pkinase	12	283	272	1.2e-63	213.5
Q54JQ1	PF00069	Pkinase	616	864	249	1.7e-63	213.0
P38070	PF00069	Pkinase	128	416	289	2.6e-62	209.1
Q01919	PF00069	Pkinase	46	313	268	1.1e-63	213.7
Q9Y7W4	PF00069	Pkinase	44	349	306	1.4e-63	213.3
P36583	PF00069	Pkinase	683	942	260	1.9e-63	212.9
O54992	PF00069	Pkinase	22	304	283	2.2e-63	212.6
P70268	PF00069	Pkinase	619	878	260	1.1e-62	210.3
Q5A649	PF00069	Pkinase	58	354	297	2.1e-63	212.7
Q8GVC7	PF00069	Pkinase	92	371	280	1.3e-63	213.4
O74426	PF00069	Pkinase	30	302	273	1.3e-63	213.4
E9PSL7	PF00069	Pkinase	97	359	263	1.2e-62	210.3
Q8NG66	PF00069	Pkinase	29	287	259	2.6e-63	212.4
Q12469	PF00069	Pkinase	391	639	249	8.2e-63	210.8
P49187	PF00069	Pkinase	64	359	296	2.3e-63	212.6
Q9BUB5	PF00069	Pkinase	203	374	172	4.2e-38	129.8
P97756	PF00069	Pkinase	128	409	282	9.2e-63	210.6
Q1ECX4	PF00069	Pkinase	388	666	279	5.5e-63	211.3
O95819	PF00069	Pkinase	25	289	265	4.3e-63	211.7
Q05655	PF00069	Pkinase	349	603	255	2.8e-63	212.3
Q8BPM2	PF00069	Pkinase	20	277	258	3.2e-63	212.1
A1Z7T0	PF00069	Pkinase	863	1122	260	4.2e-63	211.7
O81472	PF00069	Pkinase	501	755	255	3.5e-63	212.0
Q559T8	PF00069	Pkinase	1527	1691	165	1.4e-39	134.7
Q54D75	PF00069	Pkinase	4	287	284	1.2e-62	210.2
Q21029	PF00069	Pkinase	664	925	262	6.9e-63	211.0
Q9VPC0	PF00069	Pkinase	558	851	294	7.1e-63	211.0
O75011	PF00069	Pkinase	10	264	255	4.6e-63	211.6
Q6C7U0	PF00069	Pkinase	7	299	293	8.7e-63	210.7
Q8AYG3	PF00069	Pkinase	653	916	264	7.8e-63	210.8
Q9WTR2	PF00069	Pkinase	650	907	258	7.7e-63	210.9
P24583	PF00069	Pkinase	824	1083	260	5e-62	208.2
Q54XL6	PF00069	Pkinase	97	357	261	5.5e-63	211.3
P53599	PF00069	Pkinase	1266	1558	293	3.9e-62	208.6
O44514	PF00069	Pkinase	119	419	301	7e-63	211.0
Q54DC8	PF00069	Pkinase	935	1193	259	1.2e-62	210.3
Q8WP15	PF00069	Pkinase	191	453	263	5.7e-63	211.3
P43565	PF00069	Pkinase	794	953	160	1.8e-38	131.0
F4JTP5	PF07714	PK_Tyr_Ser-Thr	290	539	250	8.5e-75	249.9
Q6H9I1	PF00069	Pkinase	23	329	307	1e-62	210.4
Q6RET6	PF00069	Pkinase	74	314	241	1.1e-59	200.5
M3TYT0	PF00069	Pkinase	92	354	263	5.2e-63	211.4
P05129	PF00069	Pkinase	351	612	262	7.7e-63	210.9
Q9JM52	PF00069	Pkinase	25	289	265	3.6e-62	208.7
Q08217	PF00069	Pkinase	841	1099	259	9.7e-63	210.5
G4NH08	PF00069	Pkinase	35	318	284	7e-63	211.0
Q8TGI1	PF00069	Pkinase	9	304	296	1.3e-62	210.1
Q63932	PF00069	Pkinase	72	370	299	1e-62	210.4
O45797	PF00069	Pkinase	502	807	306	9.4e-61	204.0
Q00772	PF00069	Pkinase	23	318	296	1.2e-62	210.2
Q9Y7J6	PF00069	Pkinase	55	315	261	1e-62	210.5
P38622	PF00069	Pkinase	121	414	294	1.1e-62	210.4
E1BMN8	PF00069	Pkinase	145	434	290	1.4e-62	210.0
P36582	PF00069	Pkinase	664	923	260	1.4e-62	210.0
Q9N3Z3	PF00069	Pkinase	24	286	263	1.5e-62	209.9
Q03306	PF00069	Pkinase	11	293	283	1.6e-62	209.8
Q2L6W9	PF00069	Pkinase	87	381	295	7.8e-61	204.3
O01700	PF00069	Pkinase	135	377	243	1.9e-62	209.6
Q86UE8	PF00069	Pkinase	462	741	280	1.9e-62	209.5
Q03002	PF00069	Pkinase	41	313	273	2.3e-62	209.3
O64816	PF00069	Pkinase	132	417	286	1.9e-62	209.6
Q9LTW5	PF00069	Pkinase	185	349	165	9e-38	128.7
P38147	PF00069	Pkinase	15	281	267	3.5e-62	208.7
P87253	PF00069	Pkinase	817	1076	260	2.9e-62	209.0
Q55DD4	PF00069	Pkinase	1376	1647	272	1.4e-62	210.0
Q49HM9	PF00069	Pkinase	186	449	264	2.6e-62	209.1
Q54TW2	PF00069	Pkinase	69	233	165	1.3e-42	144.6
Q5KQF5	PF00069	Pkinase	26	301	276	2.3e-62	209.3
Q54IH8	PF00069	Pkinase	130	437	308	9e-62	207.4
Q6FP74	PF00069	Pkinase	370	544	175	6.1e-43	145.6
Q61161	PF00069	Pkinase	16	273	258	2.7e-62	209.1
Q52EB3	PF00069	Pkinase	19	324	306	4.5e-62	208.3
Q6CCB0	PF00069	Pkinase	40	350	311	2.8e-62	209.0
Q8SRU0	PF00069	Pkinase	37	316	280	2.6e-62	209.1
O95835	PF00069	Pkinase	705	866	162	5.9e-40	135.9
P83101	PF00069	Pkinase	33	317	285	2.8e-62	209.0
P50526	PF00069	Pkinase	135	409	275	3.2e-62	208.9
Q9NRM7	PF00069	Pkinase	668	830	163	6.7e-40	135.7
F1LP90	PF00069	Pkinase	25	289	265	3.7e-62	208.6
O13958	PF00069	Pkinase	5	319	315	3.2e-62	208.9
Q7XIW5	PF00069	Pkinase	32	292	261	3.9e-62	208.6
Q54EY4	PF00069	Pkinase	23	285	263	5.1e-62	208.2
Q9TVL3	PF00069	Pkinase	85	413	329	5e-62	208.2
P46549	PF00069	Pkinase	30	289	260	3.5e-62	208.7
Q92398	PF00069	Pkinase	21	314	294	4.4e-62	208.4
O80396	PF00069	Pkinase	83	339	257	5.3e-62	208.1
P25390	PF00069	Pkinase	1034	1310	277	8.6e-62	207.4
O14132	PF00069	Pkinase	36	336	301	8.4e-62	207.5
O70444	PF00069	Pkinase	40	293	254	6.6e-62	207.8
P08018	PF00069	Pkinase	360	623	264	7.2e-62	207.7
Q9FX43	PF00069	Pkinase	47	306	260	6.4e-62	207.9
Q96287	PF00069	Pkinase	138	422	285	7.3e-62	207.7
B1WAR9	PF00069	Pkinase	33	202	170	2.1e-42	143.9
Q4WVG0	PF00069	Pkinase	781	1040	260	9.4e-62	207.3
O42632	PF00069	Pkinase	849	1108	260	1.1e-61	207.1
Q6P0Q8	PF00069	Pkinase	512	785	274	9.9e-62	207.2
Q8CEE6	PF00069	Pkinase	1059	1311	253	1.1e-61	207.1
Q2H6X2	PF00069	Pkinase	22	327	306	1.6e-61	206.5
Q8SW92	PF00069	Pkinase	4	294	291	3e-61	205.7
Q6P5Z2	PF00069	Pkinase	559	818	260	1.3e-61	206.8
B0XXN8	PF00069	Pkinase	1323	1596	274	1.2e-61	207.0
Q8C0Q4	PF00069	Pkinase	30	288	259	1.8e-61	206.4
Q07192	PF00069	Pkinase	149	414	266	1.3e-61	206.8
Q6BV06	PF00069	Pkinase	39	346	308	1.8e-61	206.4
Q55CE0	PF00069	Pkinase	401	646	246	2e-61	206.2
Q10664	PF00069	Pkinase	73	360	288	1.5e-61	206.6
W0T9X4	PF00069	Pkinase	21	321	301	2.6e-61	205.8
P0CP70	PF07714	PK_Tyr_Ser-Thr	27	335	309	1.9e-37	127.5
Q5AP53	PF00069	Pkinase	335	520	186	2.1e-43	147.2
Q2GYV9	PF00069	Pkinase	106	455	350	2.4e-61	205.9
Q9GRT1	PF00069	Pkinase	73	331	259	2.3e-61	206.0
P53104	PF00069	Pkinase	24	325	302	4.6e-61	205.0
Q5UQ78	PF00069	Pkinase	10	290	281	3e-61	205.7
Q5A6T5	PF00069	Pkinase	249	563	315	3.8e-61	205.3
P87248	PF00069	Pkinase	25	328	304	5.1e-61	204.9
A2QIL5	PF00069	Pkinase	30	336	307	5.7e-61	204.7
Q24210	PF00069	Pkinase	12	278	267	4.6e-61	205.1
Q925K9	PF00069	Pkinase	12	267	256	3.1e-61	205.6
G5EBT1	PF00069	Pkinase	105	411	307	3.9e-61	205.3
Q54B33	PF00069	Pkinase	650	903	254	8.3e-61	204.2
P43637	PF00069	Pkinase	50	344	295	4.3e-61	205.1
Q871M9	PF00069	Pkinase	40	341	302	4.7e-61	205.0
Q551H4	PF00069	Pkinase	71	330	260	7.2e-61	204.4
P83104	PF00069	Pkinase	12	265	254	6.1e-61	204.6
O15021	PF00069	Pkinase	570	843	274	8.3e-61	204.2
P15056	PF07714	PK_Tyr_Ser-Thr	457	714	258	1.6e-63	212.9
O60229	PF00069	Pkinase	2684	2938	255	1.3e-60	203.6
P34908	PF07714	PK_Tyr_Ser-Thr	497	754	258	1.8e-63	212.8
Q8K1R7	PF00069	Pkinase	52	308	257	8.2e-61	204.2
Q0KHT7	PF00069	Pkinase	39	295	257	9.3e-61	204.0
Q8WQG9	PF00069	Pkinase	119	414	296	8.6e-61	204.2
Q8C1R0	PF00069	Pkinase	58	302	245	3.3e-58	195.7
A0A194VNL2	PF00069	Pkinase	235	505	271	8.4e-61	204.2
Q9BWU1	PF00069	Pkinase	22	335	314	1.2e-60	203.7
Q55C57	PF00069	Pkinase	91	366	276	9.1e-61	204.1
Q8TFG6	PF00069	Pkinase	566	797	232	2.3e-38	130.6
G5EEN4	PF00069	Pkinase	108	386	279	1.5e-60	203.4
Q8TFN2	PF00069	Pkinase	12	308	297	3.1e-60	202.3
Q6ZWH5	PF00069	Pkinase	519	783	265	2.4e-60	202.7
P41808	PF00069	Pkinase	38	337	300	1.6e-60	203.3
P33886	PF00069	Pkinase	320	579	260	1.7e-60	203.1
Q6C842	PF00069	Pkinase	38	339	302	1.9e-60	203.0
Q39238	PF00069	Pkinase	409	683	275	1.2e-59	200.4
Q1DN93	PF00069	Pkinase	30	335	306	4.8e-60	201.7
Q9SJM3	PF00069	Pkinase	559	720	162	6.5e-36	122.6
Q23356	PF00069	Pkinase	21	288	268	3e-60	202.4
Q54H45	PF07714	PK_Tyr_Ser-Thr	391	641	251	4.9e-64	214.6
A7MBB4	PF07714	PK_Tyr_Ser-Thr	168	407	240	1e-64	216.9
A8XSC1	PF00069	Pkinase	321	554	234	2.8e-48	163.1
Q54TA1	PF07714	PK_Tyr_Ser-Thr	491	746	256	7.7e-67	223.8
O44408	PF00069	Pkinase	38	338	301	3.5e-60	202.2
A8X0C4	PF00069	Pkinase	197	460	264	3.7e-60	202.1
Q6AX33	PF00069	Pkinase	399	672	274	5.3e-60	201.5
O23304	PF00069	Pkinase	15	293	279	4.3e-60	201.9
Q8SSV3	PF00069	Pkinase	376	626	251	3.2e-60	202.3
Q8R9T6	PF00069	Pkinase	10	267	258	5.4e-60	201.5
Q0GGW5	PF00069	Pkinase	49	309	261	4.4e-60	201.8
P15792	PF00069	Pkinase	229	400	172	1.5e-36	124.6
Q9XI87	PF07714	PK_Tyr_Ser-Thr	162	420	259	6.4e-66	220.8
Q9VA38	PF00069	Pkinase	719	883	165	2.7e-39	133.7
O80888	PF00069	Pkinase	3	259	257	4.8e-60	201.7
A4QXX4	PF00069	Pkinase	61	442	382	8.7e-60	200.9
Q92918	PF00069	Pkinase	17	274	258	6.1e-60	201.4
Q5TCX8	PF07714	PK_Tyr_Ser-Thr	124	398	275	7.5e-65	217.3
P38938	PF00069	Pkinase	589	750	162	4.3e-38	129.8
Q8SSH1	PF00069	Pkinase	4	230	227	7.7e-59	197.8
Q66HA1	PF07714	PK_Tyr_Ser-Thr	118	377	260	3.4e-64	215.2
O74304	PF00069	Pkinase	1120	1406	287	2e-59	199.7
Q6BM25	PF00069	Pkinase	93	418	326	1.4e-58	196.9
Q01917	PF00069	Pkinase	7	164	158	1.2e-32	111.9
Q0UY20	PF00069	Pkinase	30	342	313	2e-59	199.7
Q2QSL4	PF00069	Pkinase	4	295	292	1.1e-59	200.6
Q8SQU8	PF00069	Pkinase	13	294	282	1.1e-59	200.5
Q54Y06	PF00069	Pkinase	64	343	280	1e-59	200.7
O43781	PF00069	Pkinase	209	522	314	1.8e-59	199.8
Q8MXI4	PF00069	Pkinase	49	350	302	2.2e-59	199.6
E1C2I2	PF00069	Pkinase	30	195	166	6e-39	132.5
A6QGC0	PF00069	Pkinase	10	268	259	2.8e-59	199.2
Q3Y416	PF00069	Pkinase	130	411	282	9e-59	197.5
Q9UU87	PF00069	Pkinase	101	331	231	1.2e-52	177.4
Q60700	PF07714	PK_Tyr_Ser-Thr	160	397	238	3.2e-62	208.7
E1BFR5	PF00069	Pkinase	35	203	169	2.9e-39	133.6
Q9Y7T4	PF00069	Pkinase	14	306	293	7.2e-59	197.9
P34314	PF00069	Pkinase	651	928	278	3.1e-59	199.1
Q9HFF4	PF00069	Pkinase	492	774	283	5.9e-59	198.1
P21901	PF00069	Pkinase	42	298	257	4.4e-59	198.5
Q75CH3	PF00069	Pkinase	18	319	302	7.1e-59	197.9
P38679	PF00069	Pkinase	214	376	163	5.5e-42	142.5
P38623	PF00069	Pkinase	163	478	316	3.6e-58	195.6
O34507	PF00069	Pkinase	11	267	257	8e-59	197.7
Q0PKV7	PF00069	Pkinase	60	317	258	7.4e-59	197.8
Q6FL58	PF00069	Pkinase	11	312	302	1.9e-58	196.5
Q869X3	PF00069	Pkinase	23	273	251	1.4e-58	196.9
Q556J6	PF00069	Pkinase	4	381	378	6.7e-59	197.9
P0C198	PF00069	Pkinase	18	328	311	2.2e-57	193.0
Q54LR6	PF00069	Pkinase	312	597	286	7.4e-59	197.8
P17801	PF00069	Pkinase	534	813	280	1.1e-58	197.3
S8GI44	PF00069	Pkinase	106	380	275	1e-58	197.4
O13839	PF00069	Pkinase	4	281	278	8.4e-58	194.3
Q54H46	PF07714	PK_Tyr_Ser-Thr	374	624	251	5.4e-64	214.5
Q55A09	PF07714	PK_Tyr_Ser-Thr	1073	1327	255	1.1e-64	216.8
Q96LW2	PF00069	Pkinase	106	359	254	1.1e-58	197.2
P83102	PF00069	Pkinase	276	589	314	1.3e-58	197.0
Q21360	PF00069	Pkinase	144	405	262	1.2e-58	197.1
Q7T2V3	PF07714	PK_Tyr_Ser-Thr	118	377	260	3e-64	215.3
Q9Y1J3	PF00069	Pkinase	69	238	170	7.1e-36	122.5
Q95UN8	PF07714	PK_Tyr_Ser-Thr	142	399	258	4.6e-65	218.0
Q92630	PF00069	Pkinase	222	535	314	1.5e-58	196.8
Q54RZ7	PF07714	PK_Tyr_Ser-Thr	1377	1629	253	4e-62	208.4
Q96RG2	PF00069	Pkinase	999	1251	253	1.5e-58	196.8
Q621J7	PF00069	Pkinase	13	251	239	4.5e-58	195.2
Q8SR90	PF00069	Pkinase	4	283	280	1.6e-58	196.7
Q54WJ0	PF00069	Pkinase	40	301	262	2.6e-58	196.0
Q9ZQ31	PF07714	PK_Tyr_Ser-Thr	130	384	255	1.9e-68	229.1
Q4P9T2	PF00069	Pkinase	188	484	297	7.4e-58	194.5
Q62070	PF00069	Pkinase	91	345	255	2.7e-58	195.9
Q8SRK8	PF00069	Pkinase	7	261	255	4.1e-58	195.4
Q2MHE4	PF07714	PK_Tyr_Ser-Thr	86	340	255	1.8e-67	225.9
Q05609	PF07714	PK_Tyr_Ser-Thr	551	805	255	1.6e-70	235.9
P0C661	PF00069	Pkinase	23	345	323	8.2e-58	194.4
A7TIZ4	PF00069	Pkinase	44	331	288	8.1e-56	187.9
Q64FQ2	PF00069	Pkinase	87	246	160	1e-33	115.4
Q20443	PF00069	Pkinase	31	285	255	9.6e-58	194.2
Q8CE90	PF00069	Pkinase	136	396	261	9.7e-58	194.1
Q5AHK2	PF00069	Pkinase	202	492	291	1.2e-56	190.6
Q9UTH3	PF00069	Pkinase	503	758	256	2.2e-57	193.0
P36005	PF00069	Pkinase	23	318	296	1.4e-57	193.6
Q80XP9	PF00069	Pkinase	146	404	259	2.6e-57	192.7
P22204	PF00069	Pkinase	177	339	163	2e-39	134.1
Q8SRI3	PF00069	Pkinase	40	313	274	1.7e-57	193.4
Q5AAG6	PF00069	Pkinase	59	339	281	5.4e-56	188.4
Q9BYP7	PF00069	Pkinase	147	405	259	3.6e-57	192.3
Q9W0V1	PF00069	Pkinase	246	411	166	1e-35	122.0
P0CS76	PF00069	Pkinase	103	396	294	1.3e-56	190.4
Q09815	PF00069	Pkinase	518	814	297	1.3e-55	187.2
P21965	PF00069	Pkinase	35	327	293	3.3e-57	192.4
O43318	PF07714	PK_Tyr_Ser-Thr	36	284	249	6.6e-60	201.1
Q8XJL8	PF00069	Pkinase	10	266	257	4.9e-57	191.8
Q5HZ38	PF00069	Pkinase	107	370	264	4.3e-57	192.0
Q9V3D5	PF00069	Pkinase	198	494	297	4.9e-57	191.8
O54874	PF00069	Pkinase	77	343	267	1.1e-56	190.7
O94324	PF00069	Pkinase	528	693	166	4.8e-36	123.0
Q4P0K0	PF00069	Pkinase	15	334	320	1.5e-56	190.2
Q23977	PF00069	Pkinase	197	456	260	7.6e-57	191.2
Q388M1	PF00069	Pkinase	20	310	291	6.3e-57	191.5
P11346	PF07714	PK_Tyr_Ser-Thr	429	686	258	4.6e-59	198.4
Q9C9U5	PF07714	PK_Tyr_Ser-Thr	748	1000	253	6.5e-69	230.6
Q54P47	PF00069	Pkinase	718	1019	302	8.2e-55	184.5
Q54C18	PF00069	Pkinase	232	479	248	1.3e-56	190.5
Q6DBX4	PF00069	Pkinase	23	191	169	5.2e-40	136.0
Q9LQM8	PF00069	Pkinase	48	302	255	7.5e-57	191.2
Q59KM8	PF00069	Pkinase	240	401	162	8.3e-39	132.1
Q54Y55	PF07714	PK_Tyr_Ser-Thr	24	279	256	1e-67	226.7
Q9LSF1	PF00069	Pkinase	17	188	172	1.1e-30	105.5
Q9LUL2	PF00069	Pkinase	88	253	166	2.9e-33	113.9
Q9VWQ2	PF00069	Pkinase	159	435	277	2e-56	189.8
G5EDF7	PF00069	Pkinase	50	311	262	1.6e-56	190.1
Q55EC7	PF07714	PK_Tyr_Ser-Thr	21	272	252	8.1e-57	191.0
Q81WH6	PF00069	Pkinase	11	267	257	2.7e-56	189.4
P15790	PF00069	Pkinase	102	363	262	8.6e-50	168.1
Q55EI8	PF07714	PK_Tyr_Ser-Thr	758	1005	248	1.3e-59	200.2
Q7Z2Y5	PF00069	Pkinase	25	313	289	1.4e-55	187.0
Q9ESL4	PF07714	PK_Tyr_Ser-Thr	16	260	245	2.2e-62	209.2
Q20347	PF00069	Pkinase	66	330	265	3e-56	189.2
Q97IC2	PF00069	Pkinase	10	266	257	4e-56	188.9
Q9DGE0	PF00069	Pkinase	80	341	262	3.3e-56	189.1
J9VH94	PF00069	Pkinase	573	801	229	1.3e-54	183.9
G5EDT6	PF00069	Pkinase	122	385	264	4.3e-56	188.7
P38990	PF00069	Pkinase	133	448	316	6e-56	188.3
Q84VX4	PF00069	Pkinase	400	693	294	7.9e-56	187.9
Q9R0G8	PF00069	Pkinase	25	313	289	3.1e-55	185.9
P84199	PF00069	Pkinase	453	716	264	7.9e-56	187.9
X5M5N0	PF00069	Pkinase	334	596	263	1.2e-55	187.2
P50873	PF00069	Pkinase	164	447	284	1.6e-55	186.9
Q5ZJB4	PF00069	Pkinase	29	309	281	2e-55	186.6
Q9W1B0	PF00069	Pkinase	100	369	270	2.4e-55	186.3
Q54IP4	PF07714	PK_Tyr_Ser-Thr	174	430	257	1e-58	197.2
P24719	PF00069	Pkinase	163	444	282	2.2e-55	186.4
Q6DT37	PF00069	Pkinase	71	337	267	1.9e-55	186.6
P48479	PF00069	Pkinase	154	290	137	6.1e-35	119.4
P11837	PF00069	Pkinase	157	295	139	1.5e-35	121.4
Q6CR51	PF00069	Pkinase	192	489	298	1.8e-54	183.4
Q9JIH7	PF00069	Pkinase	221	479	259	2.7e-55	186.2
O88351	PF00069	Pkinase	15	296	282	6.4e-55	184.9
Q9H4A3	PF00069	Pkinase	221	479	259	3.1e-55	185.9
Q9CEF5	PF00069	Pkinase	12	270	259	4.5e-55	185.4
M9PGC5	PF00069	Pkinase	471	729	259	2.2e-55	186.4
O43077	PF00069	Pkinase	21	323	303	3.8e-55	185.7
Q54G43	PF07714	PK_Tyr_Ser-Thr	238	491	254	1e-58	197.2
Q8BI55	PF00069	Pkinase	219	515	297	5e-55	185.3
Q54VC0	PF00069	Pkinase	16	266	251	3.4e-55	185.8
Q03963	PF00069	Pkinase	242	501	260	7.5e-55	184.7
O64682	PF00069	Pkinase	75	244	170	3.8e-34	116.8
P30291	PF00069	Pkinase	299	569	271	7.1e-55	184.7
P49759	PF00069	Pkinase	161	477	317	7.2e-55	184.7
P00530	PF07714	PK_Tyr_Ser-Thr	612	865	254	1.2e-97	324.8
Q8MYQ1	PF00069	Pkinase	126	381	256	8.8e-55	184.4
S8EUF0	PF00069	Pkinase	123	298	176	2.7e-32	110.7
Q8G6P9	PF00069	Pkinase	14	282	269	1.6e-54	183.6
Q94E49	PF00069	Pkinase	80	248	169	1.8e-29	101.4
Q23915	PF07714	PK_Tyr_Ser-Thr	22	274	253	1.5e-55	186.9
Q90ZY4	PF00069	Pkinase	32	296	265	2.1e-54	183.2
Q9V3Q6	PF07714	PK_Tyr_Ser-Thr	19	267	249	4.8e-58	195.0
Q86AE1	PF00069	Pkinase	35	291	257	2.7e-54	182.8
Q54HD2	PF00069	Pkinase	1555	1721	167	1.9e-33	114.5
Q8L4H0	PF00069	Pkinase	249	495	247	3.4e-54	182.5
O94235	PF00069	Pkinase	316	603	288	3.3e-54	182.6
P22209	PF00069	Pkinase	25	343	319	1.4e-52	177.2
Q24592	PF07714	PK_Tyr_Ser-Thr	892	1151	260	9.2e-83	276.0
Q9SND6	PF00069	Pkinase	3	268	266	3.3e-54	182.6
Q54U31	PF07714	PK_Tyr_Ser-Thr	277	530	254	3.8e-61	205.2
Q8SSH4	PF00069	Pkinase	289	540	252	5.3e-54	181.9
Q2RA93	PF00069	Pkinase	35	293	259	4.1e-54	182.3
Q3UH66	PF00069	Pkinase	195	453	259	4.8e-54	182.0
Q9Y3S1	PF00069	Pkinase	195	453	259	5.3e-54	181.9
Q1RMT8	PF00069	Pkinase	188	456	269	5.1e-54	181.9
Q96J92	PF00069	Pkinase	174	432	259	7.6e-54	181.4
P32581	PF00069	Pkinase	83	386	304	4.7e-52	175.5
Q54TH6	PF07714	PK_Tyr_Ser-Thr	335	581	247	2.5e-54	182.8
Q9NI63	PF00069	Pkinase	102	351	250	7e-54	181.5
Q9XTF3	PF00069	Pkinase	461	774	314	8.3e-54	181.2
Q07538	PF00069	Pkinase	159	474	316	9.4e-54	181.1
Q9GT24	PF00069	Pkinase	13	249	237	1.3e-52	177.4
Q8S8Y8	PF00069	Pkinase	28	285	258	1.1e-53	180.8
Q54XQ2	PF07714	PK_Tyr_Ser-Thr	842	1089	248	1.4e-62	209.9
Q54TM7	PF07714	PK_Tyr_Ser-Thr	851	1100	250	1.2e-65	219.9
Q54C77	PF00069	Pkinase	180	437	258	3.1e-53	179.4
Q04J43	PF00069	Pkinase	12	272	261	1.7e-53	180.3
Q54RR9	PF07714	PK_Tyr_Ser-Thr	1476	1736	261	1.4e-54	183.6
Q93Z30	PF07714	PK_Tyr_Ser-Thr	157	413	257	1.1e-57	193.8
Q54BC9	PF00069	Pkinase	605	902	298	2.7e-53	179.6
Q54WE5	PF00069	Pkinase	490	808	319	3.3e-53	179.3
P19525	PF00069	Pkinase	267	538	272	4.1e-53	179.0
Q9M9E0	PF00069	Pkinase	361	630	270	2.3e-53	179.8
Q9LT38	PF00069	Pkinase	21	192	172	6.6e-31	106.2
P54265	PF00069	Pkinase	71	339	269	2.2e-53	179.8
P54739	PF00069	Pkinase	8	272	265	3.5e-53	179.2
Q9LFH9	PF00069	Pkinase	376	652	277	2.7e-53	179.6
Q54H05	PF00069	Pkinase	32	302	271	6.3e-53	178.4
Q54E34	PF00069	Pkinase	77	331	255	3.3e-53	179.3
Q9STK6	PF00069	Pkinase	23	280	258	4.2e-53	178.9
Q9LSL5	PF00069	Pkinase	350	630	281	5e-53	178.7
Q2QXC6	PF00069	Pkinase	32	289	258	4.5e-53	178.9
O65238	PF00069	Pkinase	516	802	287	5.7e-53	178.5
D0Z5N4	PF00069	Pkinase	723	998	276	2.8e-34	117.2
Q54UL8	PF00069	Pkinase	714	981	268	4e-53	179.0
Q9FG33	PF00069	Pkinase	330	606	277	6.2e-53	178.4
Q944Q0	PF00069	Pkinase	29	286	258	1.2e-52	177.4
Q54QV3	PF00069	Pkinase	205	548	344	8.6e-53	177.9
Q12222	PF00069	Pkinase	41	329	289	1.5e-52	177.1
O01583	PF00069	Pkinase	83	351	269	1.1e-52	177.6
P54199	PF00069	Pkinase	440	716	277	2.3e-52	176.5
Q07292	PF07714	PK_Tyr_Ser-Thr	481	743	263	1.5e-53	180.3
Q54VV7	PF00069	Pkinase	16	286	271	1.4e-52	177.3
Q01577	PF00069	Pkinase	17	269	253	3.2e-52	176.0
Q54QQ1	PF07714	PK_Tyr_Ser-Thr	807	1069	263	1.7e-55	186.6
Q65X23	PF00069	Pkinase	29	286	258	2.6e-52	176.4
Q9FPR3	PF07714	PK_Tyr_Ser-Thr	669	921	253	1.7e-63	212.9
Q9XID3	PF00069	Pkinase	485	756	272	3.3e-52	176.0
Q922K9	PF07714	PK_Tyr_Ser-Thr	241	494	254	6.4e-99	329.0
Q54P26	PF00069	Pkinase	186	438	253	3.6e-52	175.9
Q8VZJ9	PF00069	Pkinase	119	397	279	3.8e-52	175.8
Q13546	PF07714	PK_Tyr_Ser-Thr	18	285	268	1.3e-52	177.2
Q9S9M2	PF00069	Pkinase	424	693	270	5e-52	175.4
Q9SSA4	PF07714	PK_Tyr_Ser-Thr	108	382	275	4.6e-62	208.2
Q9XBQ0	PF00069	Pkinase	18	285	268	5.4e-52	175.3
Q6EU49	PF00069	Pkinase	25	282	258	8.6e-52	174.6
O80345	PF00069	Pkinase	21	187	167	3.1e-30	104.0
Q8G4G1	PF00069	Pkinase	14	276	263	1.2e-51	174.2
Q54RJ4	PF00069	Pkinase	261	568	308	1.6e-51	173.8
Q9XA16	PF00069	Pkinase	11	272	262	1.7e-51	173.7
P51566	PF00069	Pkinase	115	443	329	1.6e-49	167.2
Q21307	PF00069	Pkinase	72	325	254	1.4e-51	174.0
Q54FH3	PF00069	Pkinase	40	224	185	2.6e-30	104.2
Q76NV1	PF00069	Pkinase	304	624	321	1.6e-51	173.7
P9WI81	PF00069	Pkinase	11	274	264	2.3e-51	173.3
Q9WUM7	PF00069	Pkinase	199	527	329	4.2e-51	172.4
Q19192	PF00069	Pkinase	823	1076	254	9.5e-39	131.9
P00542	PF07714	PK_Tyr_Ser-Thr	348	601	254	5.2e-97	322.7
Q9H2X6	PF00069	Pkinase	199	527	329	4.5e-51	172.3
Q84M95	PF00069	Pkinase	76	354	279	3.2e-51	172.8
Q9NIV1	PF00069	Pkinase	912	1121	210	4.8e-37	126.3
Q9LHI7	PF00069	Pkinase	19	273	255	5.2e-51	172.1
Q9SYS7	PF00069	Pkinase	353	617	265	6e-51	171.9
O14019	PF00069	Pkinase	352	623	272	8.9e-51	171.3
Q09690	PF00069	Pkinase	699	995	297	7.5e-51	171.6
P54737	PF00069	Pkinase	205	377	173	2.3e-36	124.1
P49657	PF00069	Pkinase	164	484	321	8e-51	171.5
Q8S8Y9	PF00069	Pkinase	25	281	257	7.7e-51	171.5
Q9XEC7	PF00069	Pkinase	345	618	274	1.4e-50	170.7
Q9FF29	PF00069	Pkinase	332	605	274	1.1e-50	171.1
Q5Z754	PF00069	Pkinase	24	196	173	5.7e-27	93.3
Q8RWH3	PF00069	Pkinase	122	464	343	6e-50	168.6
Q2QM77	PF00069	Pkinase	111	281	171	7.5e-31	106.0
Q9FHG4	PF00069	Pkinase	365	639	275	9.3e-51	171.3
Q55GG4	PF00069	Pkinase	1949	2208	260	6.7e-51	171.7
Q2R560	PF00069	Pkinase	580	855	276	9.5e-51	171.2
Q52WX2	PF00069	Pkinase	53	315	263	8.7e-51	171.4
P41719	PF00069	Pkinase	18	266	249	1.2e-50	170.9
P00528	PF07714	PK_Tyr_Ser-Thr	284	536	253	1.4e-94	314.8
P25333	PF00069	Pkinase	317	590	274	1.6e-50	170.5
Q54HC6	PF00069	Pkinase	1112	1374	263	2.4e-50	169.9
Q9CAV6	PF00069	Pkinase	25	281	257	1.7e-50	170.4
Q80ZW0	PF00069	Pkinase	207	531	325	4.7e-49	165.7
Q9ASQ5	PF07714	PK_Tyr_Ser-Thr	225	497	273	7.8e-53	177.9
Q54R58	PF07714	PK_Tyr_Ser-Thr	177	436	260	1.8e-59	199.7
P07527	PF00069	Pkinase	566	840	275	2.2e-50	170.1
Q9V9J3	PF07714	PK_Tyr_Ser-Thr	248	500	253	1.3e-100	334.5
Q86AT8	PF07714	PK_Tyr_Ser-Thr	351	612	262	6.8e-55	184.7
O35491	PF00069	Pkinase	162	478	317	2.5e-50	169.8
Q08DZ2	PF00069	Pkinase	688	1004	317	5e-50	168.9
P14680	PF00069	Pkinase	369	704	336	1e-49	167.8
Q03533	PF00069	Pkinase	39	351	313	6.1e-49	165.3
Q13882	PF07714	PK_Tyr_Ser-Thr	191	441	251	5.2e-90	299.8
Q12100	PF00069	Pkinase	303	575	273	4.2e-50	169.1
Q9S2C0	PF00069	Pkinase	20	287	268	3.5e-50	169.4
A4L9P5	PF00069	Pkinase	190	518	329	5.4e-50	168.8
Q3V016	PF00069	Pkinase	11	347	337	5e-50	168.9
Q0D598	PF00069	Pkinase	28	284	257	4.2e-50	169.1
Q54XY6	PF07714	PK_Tyr_Ser-Thr	530	805	276	1.9e-53	179.9
Q5UNT1	PF00069	Pkinase	264	539	276	5.1e-50	168.8
Q9FIU5	PF07714	PK_Tyr_Ser-Thr	113	376	264	6.8e-51	171.6
P49762	PF00069	Pkinase	479	799	321	3.4e-50	169.4
Q3V129	PF00069	Pkinase	4	280	277	7.4e-50	168.3
Q13627	PF00069	Pkinase	159	479	321	6e-50	168.6
Q8FUI5	PF00069	Pkinase	9	273	265	5.2e-50	168.8
Q9FGL5	PF00069	Pkinase	656	933	278	1e-48	164.6
Q8VYG0	PF07714	PK_Tyr_Ser-Thr	359	630	272	1.7e-51	173.6
Q9ASQ6	PF07714	PK_Tyr_Ser-Thr	673	942	270	2e-50	170.0
Q9M0G5	PF00069	Pkinase	331	606	276	7.2e-50	168.3
P0C1B1	PF00069	Pkinase	417	563	147	2.3e-26	91.3
Q9C6K9	PF07714	PK_Tyr_Ser-Thr	291	564	274	1.5e-50	170.5
Q8WQL7	PF00069	Pkinase	329	649	321	6.2e-50	168.6
Q9SA25	PF07714	PK_Tyr_Ser-Thr	390	660	271	3.6e-51	172.5
Q75JN1	PF00069	Pkinase	711	870	160	7.5e-23	79.8
P00522	PF07714	PK_Tyr_Ser-Thr	371	622	252	1.6e-100	334.2
P43405	PF07714	PK_Tyr_Ser-Thr	371	626	256	1.5e-92	308.1
Q9LRP3	PF00069	Pkinase	154	425	272	9.3e-50	168.0
Q07407	PF07714	PK_Tyr_Ser-Thr	416	688	273	3.5e-96	320.0
P18106	PF07714	PK_Tyr_Ser-Thr	1063	1314	252	4.7e-97	322.9
Q54RB7	PF07714	PK_Tyr_Ser-Thr	45	300	256	1.3e-62	210.0
P00519	PF07714	PK_Tyr_Ser-Thr	242	493	252	1.5e-101	337.6
Q8RWZ5	PF00069	Pkinase	494	764	271	1.6e-49	167.2
Q54L00	PF07714	PK_Tyr_Ser-Thr	386	636	251	1.4e-57	193.5
Q03145	PF07714	PK_Tyr_Ser-Thr	614	872	259	5.5e-103	342.3
Q9CAC3	PF07714	PK_Tyr_Ser-Thr	50	320	271	2.4e-50	169.8
Q9P6P3	PF00069	Pkinase	130	458	329	1.9e-49	166.9
F1N9Y5	PF07714	PK_Tyr_Ser-Thr	349	604	256	4e-92	306.7
P09760	PF07714	PK_Tyr_Ser-Thr	564	815	252	1.6e-101	337.5
Q8QFP8	PF07714	PK_Tyr_Ser-Thr	346	611	266	4.8e-55	185.2
A0A1D6E0S8	PF00069	Pkinase	527	799	273	2.5e-49	166.6
P18160	PF07714	PK_Tyr_Ser-Thr	2115	2385	271	1.2e-65	219.9
C0LGT5	PF00069	Pkinase	573	842	270	2.8e-49	166.4
Q9FX99	PF00069	Pkinase	328	598	271	3.5e-49	166.1
H2KZW3	PF07714	PK_Tyr_Ser-Thr	31	288	258	1.2e-60	203.5
O94647	PF00069	Pkinase	120	416	297	3e-49	166.3
Q9FIL7	PF00069	Pkinase	147	423	277	2.9e-49	166.4
P29323	PF07714	PK_Tyr_Ser-Thr	621	880	260	5.2e-101	335.8
Q9H422	PF00069	Pkinase	197	525	329	4.5e-49	165.7
Q9C9L5	PF00069	Pkinase	447	717	271	4.1e-49	165.9
Q9M1Z9	PF00069	Pkinase	303	572	270	4.5e-49	165.7
Q39202	PF00069	Pkinase	531	799	269	5e-49	165.6
O65468	PF00069	Pkinase	353	624	272	6.4e-49	165.2
Q9LVL5	PF00069	Pkinase	20	277	258	6.4e-49	165.2
Q54Y90	PF07714	PK_Tyr_Ser-Thr	192	443	252	2e-52	176.6
P32944	PF00069	Pkinase	444	793	350	2.8e-48	163.1
Q8MQ70	PF00069	Pkinase	147	483	337	6.6e-49	165.2
P41279	PF00069	Pkinase	139	388	250	6.6e-49	165.2
Q9NZJ5	PF00069	Pkinase	866	1077	212	1.1e-35	121.8
O14976	PF00069	Pkinase	40	313	274	8e-49	164.9
Q08732	PF00069	Pkinase	216	474	259	5.1e-44	149.2
Q9LFV3	PF00069	Pkinase	115	375	261	8.2e-49	164.9
Q9KIG4	PF00069	Pkinase	18	269	252	8.1e-49	164.9
Q9SCU5	PF00069	Pkinase	26	283	258	9.3e-49	164.7
Q9LX30	PF00069	Pkinase	425	731	307	1.9e-48	163.7
Q9FIF1	PF00069	Pkinase	355	624	270	9.4e-49	164.7
O18209	PF00069	Pkinase	108	355	248	1e-48	164.6
Q0D541	PF00069	Pkinase	56	314	259	9e-49	164.7
Q2QRN7	PF00069	Pkinase	660	947	288	2.5e-48	163.3
P18161	PF07714	PK_Tyr_Ser-Thr	853	1109	257	2.7e-69	231.9
P0C1S8	PF00069	Pkinase	212	486	275	1.2e-48	164.4
Q9SHI2	PF00069	Pkinase	799	1072	274	1.2e-48	164.3
P0CD62	PF07714	PK_Tyr_Ser-Thr	702	952	251	1.7e-56	190.0
O64768	PF07714	PK_Tyr_Ser-Thr	974	1236	263	1.6e-60	203.1
Q9SIT1	PF00069	Pkinase	585	863	279	1.2e-48	164.3
Q6Z829	PF00069	Pkinase	267	510	244	1.5e-48	164.0
P42687	PF07714	PK_Tyr_Ser-Thr	220	479	260	3.5e-83	277.4
E1BTE1	PF00069	Pkinase	217	489	273	1.6e-48	164.0
Q9SYM9	PF00069	Pkinase	75	344	270	1.6e-48	164.0
C0LGU1	PF00069	Pkinase	631	899	269	1.9e-48	163.7
Q9SXB8	PF00069	Pkinase	524	792	269	2.1e-48	163.6
Q96S53	PF07714	PK_Tyr_Ser-Thr	59	309	251	7.2e-50	168.2
Q9SJG2	PF00069	Pkinase	183	455	273	2.5e-48	163.3
Q10156	PF00069	Pkinase	362	682	321	2.3e-48	163.4
Q55CZ1	PF07714	PK_Tyr_Ser-Thr	1290	1542	253	1.7e-52	176.8
P51813	PF07714	PK_Tyr_Ser-Thr	417	666	250	3.2e-98	326.7
Q9VEZ5	PF00069	Pkinase	41	335	295	6.4e-48	162.0
P22211	PF00069	Pkinase	438	742	305	3.2e-48	163.0
Q9SR87	PF00069	Pkinase	368	636	269	4.8e-48	162.4
Q9S9U1	PF00069	Pkinase	347	620	274	3.4e-48	162.8
P53666	PF07714	PK_Tyr_Ser-Thr	331	601	271	3.8e-50	169.1
O74526	PF00069	Pkinase	446	742	297	2e-47	160.3
C0LGV0	PF00069	Pkinase	606	877	272	4e-48	162.6
Q9FIF0	PF00069	Pkinase	375	644	270	4.5e-48	162.5
P08630	PF07714	PK_Tyr_Ser-Thr	526	777	252	4.3e-99	329.6
Q8SSA8	PF00069	Pkinase	4	255	252	4.6e-48	162.4
P54736	PF00069	Pkinase	13	276	264	5.5e-48	162.2
Q9SZD5	PF00069	Pkinase	344	614	271	5.2e-48	162.3
P42680	PF07714	PK_Tyr_Ser-Thr	370	619	250	6.5e-99	328.9
Q8GXZ3	PF07714	PK_Tyr_Ser-Thr	70	346	277	2.3e-48	163.3
C0LGJ1	PF00069	Pkinase	814	1086	273	6.2e-48	162.0
Q03526	PF07714	PK_Tyr_Ser-Thr	368	617	250	7.7e-96	318.9
P54756	PF07714	PK_Tyr_Ser-Thr	675	932	258	2.2e-100	333.8
Q9XEC6	PF07714	PK_Tyr_Ser-Thr	340	606	267	6.1e-49	165.2
Q9LTC0	PF07714	PK_Tyr_Ser-Thr	86	365	280	1.7e-48	163.7
Q54ZN3	PF00069	Pkinase	508	650	143	3.2e-32	110.5
O59763	PF00069	Pkinase	303	614	312	1.1e-47	161.1
Q8GY82	PF00069	Pkinase	38	307	270	7.1e-48	161.8
Q9CAH1	PF00069	Pkinase	84	361	278	7.9e-48	161.7
Q9SAJ2	PF07714	PK_Tyr_Ser-Thr	964	1227	264	1e-61	207.1
P35991	PF07714	PK_Tyr_Ser-Thr	402	651	250	1.4e-97	324.6
G5ECJ6	PF07714	PK_Tyr_Ser-Thr	283	532	250	3.8e-87	290.4
Q03785	PF00069	Pkinase	76	331	256	8.9e-42	141.8
O00311	PF00069	Pkinase	58	218	161	1.9e-25	88.3
Q6MAN0	PF00069	Pkinase	51	338	288	1.2e-47	161.1
A8X4H1	PF00069	Pkinase	368	687	320	7.1e-48	161.8
O81833	PF07714	PK_Tyr_Ser-Thr	500	772	273	3.3e-50	169.3
Q9CAL3	PF00069	Pkinase	325	601	277	1.1e-47	161.2
Q55DU7	PF07714	PK_Tyr_Ser-Thr	1349	1600	252	4.1e-50	169.0
Q9FII5	PF00069	Pkinase	719	995	277	1.2e-47	161.0
P54350	PF00069	Pkinase	239	517	279	2.7e-47	159.9
Q4R8E0	PF00069	Pkinase	356	583	228	7.6e-32	109.3
Q54F40	PF00069	Pkinase	177	462	286	3.9e-47	159.4
Q1PDW3	PF00069	Pkinase	74	350	277	1.6e-47	160.7
Q54C71	PF00069	Pkinase	848	1114	267	4.1e-47	159.3
Q942F3	PF00069	Pkinase	807	1080	274	1.4e-47	160.9
P9WI63	PF00069	Pkinase	19	274	256	1.3e-47	160.9
O14328	PF00069	Pkinase	9	273	265	1.7e-47	160.6
Q8IL26	PF00069	Pkinase	539	789	251	2.3e-38	130.7
P42684	PF07714	PK_Tyr_Ser-Thr	288	539	252	7.4e-100	332.0
Q16620	PF07714	PK_Tyr_Ser-Thr	538	807	270	1.1e-98	328.2
C0LGE0	PF07714	PK_Tyr_Ser-Thr	678	950	273	2.2e-49	166.6
Q8VZG8	PF00069	Pkinase	775	1043	269	2.1e-47	160.3
Q9LZM4	PF00069	Pkinase	363	644	282	2.5e-47	160.0
C0LGQ7	PF07714	PK_Tyr_Ser-Thr	591	860	270	1.2e-47	160.9
Q9T058	PF00069	Pkinase	537	808	272	2.4e-47	160.1
Q5UPU3	PF00069	Pkinase	260	540	281	2.6e-47	160.0
Q8SQZ4	PF00069	Pkinase	40	335	296	2.2e-47	160.2
Q9LDM5	PF07714	PK_Tyr_Ser-Thr	339	611	273	2e-49	166.8
Q1LX51	PF00069	Pkinase	188	460	273	2.5e-47	160.0
Q3EDL4	PF00069	Pkinase	154	426	273	2.6e-47	160.0
C0LGD7	PF07714	PK_Tyr_Ser-Thr	625	894	270	8.8e-48	161.4
Q9M2S4	PF00069	Pkinase	346	616	271	3.1e-47	159.7
Q0WNY5	PF07714	PK_Tyr_Ser-Thr	453	725	273	1.4e-48	164.0
Q9M3D7	PF00069	Pkinase	350	618	269	3.3e-47	159.6
O49564	PF07714	PK_Tyr_Ser-Thr	333	603	271	4.4e-50	168.9
P15054	PF07714	PK_Tyr_Ser-Thr	267	516	250	1.1e-95	318.4
Q9FN94	PF07714	PK_Tyr_Ser-Thr	564	833	270	1.9e-48	163.6
Q9LDN1	PF07714	PK_Tyr_Ser-Thr	321	593	273	4.4e-49	165.6
G5EDB2	PF00069	Pkinase	551	863	313	4.5e-47	159.2
C0LGG7	PF07714	PK_Tyr_Ser-Thr	624	895	272	1.7e-48	163.7
Q12310	PF00069	Pkinase	361	653	293	5.5e-47	158.9
C0LGF4	PF00069	Pkinase	306	574	269	4.5e-47	159.2
C0LGN2	PF07714	PK_Tyr_Ser-Thr	672	943	272	5.8e-48	162.0
P42690	PF07714	PK_Tyr_Ser-Thr	240	489	250	1.4e-101	337.7
Q9VBW3	PF07714	PK_Tyr_Ser-Thr	470	741	272	7.8e-94	312.3
O49545	PF00069	Pkinase	694	965	272	5e-47	159.0
Q9LIG2	PF07714	PK_Tyr_Ser-Thr	592	861	270	6.9e-47	158.4
P08631	PF07714	PK_Tyr_Ser-Thr	262	511	250	2.6e-97	323.7
P54743	PF00069	Pkinase	13	271	259	5.4e-47	158.9
C0LGL4	PF00069	Pkinase	574	842	269	6.9e-47	158.6
P10741	PF00069	Pkinase	65	342	278	6.5e-47	158.6
Q59H18	PF07714	PK_Tyr_Ser-Thr	463	719	257	1.6e-58	196.5
Q9M0X5	PF07714	PK_Tyr_Ser-Thr	347	618	272	6.6e-50	168.3
Q9R0T8	PF00069	Pkinase	9	301	293	1.1e-46	157.9
Q9LP24	PF00069	Pkinase	851	1118	268	8.7e-47	158.2
O42422	PF07714	PK_Tyr_Ser-Thr	628	885	258	4.1e-100	332.9
Q9FLV4	PF00069	Pkinase	530	800	271	1e-46	158.0
O81832	PF07714	PK_Tyr_Ser-Thr	465	737	273	6.7e-52	174.9
O65530	PF07714	PK_Tyr_Ser-Thr	389	665	277	4.1e-47	159.2
O65924	PF07714	PK_Tyr_Ser-Thr	576	846	271	8.8e-47	158.1
P53233	PF00069	Pkinase	2	257	256	1.3e-46	157.6
O65472	PF07714	PK_Tyr_Ser-Thr	336	608	273	4.4e-49	165.6
Q91738	PF07714	PK_Tyr_Ser-Thr	435	689	255	2.3e-97	323.9
F4HQ20	PF07714	PK_Tyr_Ser-Thr	349	621	273	7.5e-47	158.3
Q8RWW0	PF07714	PK_Tyr_Ser-Thr	349	616	268	1.3e-49	167.4
Q9M345	PF00069	Pkinase	347	619	273	1.1e-46	157.9
P32577	PF07714	PK_Tyr_Ser-Thr	195	440	246	1.4e-89	298.4
Q9GRC0	PF00069	Pkinase	71	329	259	1.1e-46	157.9
Q9LDT0	PF07714	PK_Tyr_Ser-Thr	346	621	276	1.3e-47	160.8
Q54LH8	PF00069	Pkinase	31	283	253	1.2e-45	154.5
Q9LFG1	PF07714	PK_Tyr_Ser-Thr	614	883	270	9.7e-47	158.0
A0A075F7E9	PF00069	Pkinase	524	793	270	1.6e-46	157.4
Q9LFP7	PF07714	PK_Tyr_Ser-Thr	142	422	281	4.1e-48	162.5
Q54XZ5	PF07714	PK_Tyr_Ser-Thr	946	1115	170	9.7e-32	108.8
C0LGG8	PF07714	PK_Tyr_Ser-Thr	669	940	272	7.2e-50	168.2
O22834	PF00069	Pkinase	336	600	265	1.7e-46	157.3
Q5UNT4	PF00069	Pkinase	258	514	257	2.5e-46	156.8
Q9ZRF9	PF00069	Pkinase	261	531	271	1.8e-46	157.2
Q9T0J1	PF07714	PK_Tyr_Ser-Thr	344	618	275	1.2e-47	161.0
F4HQ22	PF00069	Pkinase	308	579	272	2.1e-46	157.0
Q55GE6	PF07714	PK_Tyr_Ser-Thr	1775	2035	261	8.6e-59	197.5
Q9C7T7	PF00069	Pkinase	683	958	276	2.4e-46	156.8
Q9M0G7	PF00069	Pkinase	699	976	278	2.3e-46	156.8
C0LGI2	PF07714	PK_Tyr_Ser-Thr	607	876	270	1.1e-50	170.8
P54740	PF00069	Pkinase	9	265	257	2.2e-46	156.9
P18461	PF07714	PK_Tyr_Ser-Thr	483	759	277	1.1e-102	341.3
O65440	PF00069	Pkinase	710	983	274	2.7e-46	156.7
Q09499	PF00069	Pkinase	518	778	261	3.2e-46	156.4
Q9SY89	PF07714	PK_Tyr_Ser-Thr	525	793	269	1.1e-47	161.1
Q0D5R3	PF07714	PK_Tyr_Ser-Thr	363	634	272	1.4e-48	164.0
F4IB81	PF07714	PK_Tyr_Ser-Thr	341	623	283	1.2e-48	164.2
Q24488	PF07714	PK_Tyr_Ser-Thr	410	670	261	5.5e-99	329.2
Q940A2	PF00069	Pkinase	30	311	282	3.4e-46	156.3
Q93YN1	PF07714	PK_Tyr_Ser-Thr	41	314	274	4.9e-47	158.9
Q22146	PF07714	PK_Tyr_Ser-Thr	131	382	252	4.1e-85	283.7
Q69JN6	PF00069	Pkinase	912	1184	273	3.2e-46	156.4
Q1PEM5	PF07714	PK_Tyr_Ser-Thr	183	456	274	8e-48	161.5
Q54B48	PF00069	Pkinase	32	294	263	2e-24	84.9
Q9SFX0	PF00069	Pkinase	75	349	275	3.7e-46	156.2
O49445	PF00069	Pkinase	349	619	271	4.2e-46	156.0
O65476	PF07714	PK_Tyr_Ser-Thr	335	607	273	1.4e-48	164.0
Q8H1E3	PF07714	PK_Tyr_Ser-Thr	91	367	277	4.1e-47	159.2
P0C5E2	PF07714	PK_Tyr_Ser-Thr	341	613	273	2.4e-46	156.7
O23081	PF07714	PK_Tyr_Ser-Thr	344	618	275	9.8e-48	161.2
Q9UHD2	PF00069	Pkinase	9	297	289	9e-46	154.9
Q95YD4	PF07714	PK_Tyr_Ser-Thr	367	623	257	2.5e-85	284.4
P42681	PF07714	PK_Tyr_Ser-Thr	271	520	250	1.3e-97	324.6
P53356	PF07714	PK_Tyr_Ser-Thr	484	740	257	5.2e-92	306.3
O49318	PF00069	Pkinase	819	1098	280	6.2e-46	155.5
Q6H7D2	PF00069	Pkinase	357	626	270	5.7e-46	155.6
Q9FYK0	PF00069	Pkinase	547	824	278	1.1e-45	154.7
P43403	PF07714	PK_Tyr_Ser-Thr	338	593	256	1.5e-94	314.6
Q86HW6	PF00069	Pkinase	54	320	267	1.1e-45	154.7
P9WI71	PF00069	Pkinase	16	278	263	6.5e-46	155.4
Q9Y898	PF00069	Pkinase	180	376	197	4.6e-40	136.2
Q54XX5	PF07714	PK_Tyr_Ser-Thr	529	791	263	6.1e-50	168.5
Q8IR79	PF07714	PK_Tyr_Ser-Thr	401	558	158	1.6e-40	137.5
Q9VJ90	PF00069	Pkinase	145	312	168	1e-26	92.4
Q8RY67	PF00069	Pkinase	348	620	273	8.1e-46	155.1
Q9SY91	PF07714	PK_Tyr_Ser-Thr	100	376	277	4.8e-47	159.0
G5EE56	PF07714	PK_Tyr_Ser-Thr	262	517	256	5.7e-96	319.3
O64477	PF00069	Pkinase	494	766	273	9.3e-46	154.9
O65405	PF07714	PK_Tyr_Ser-Thr	361	635	275	2.5e-46	156.6
A0A2R6XIK6	PF07714	PK_Tyr_Ser-Thr	1389	1652	264	7.8e-61	204.2
P0DXJ0	PF07714	PK_Tyr_Ser-Thr	91	368	278	9.3e-49	164.6
Q8H186	PF07714	PK_Tyr_Ser-Thr	61	344	284	4.6e-48	162.3
Q5VJL3	PF07714	PK_Tyr_Ser-Thr	1290	1569	280	1e-46	157.9
P43298	PF00069	Pkinase	588	865	278	1e-45	154.8
O64793	PF07714	PK_Tyr_Ser-Thr	496	769	274	7.7e-48	161.6
P93604	PF07714	PK_Tyr_Ser-Thr	339	613	275	4.7e-46	155.7
Q95ZV7	PF07714	PK_Tyr_Ser-Thr	527	785	259	1.2e-78	262.5
Q9ZUE0	PF07714	PK_Tyr_Ser-Thr	371	644	274	1.5e-46	157.4
Q9LMB9	PF00069	Pkinase	318	585	268	1.2e-45	154.5
Q9LK03	PF07714	PK_Tyr_Ser-Thr	354	627	274	8e-48	161.5
Q9FFW5	PF00069	Pkinase	339	614	276	1.2e-45	154.6
Q9SII6	PF07714	PK_Tyr_Ser-Thr	87	367	281	2.4e-48	163.2
Q8L710	PF07714	PK_Tyr_Ser-Thr	359	631	273	4.7e-47	159.0
Q9CAL2	PF07714	PK_Tyr_Ser-Thr	323	591	269	3e-46	156.3
Q9SIB6	PF00069	Pkinase	98	374	277	1.6e-45	154.1
Q9C8I6	PF00069	Pkinase	586	854	269	1.5e-45	154.2
O64842	PF07714	PK_Tyr_Ser-Thr	88	365	278	5e-46	155.6
Q9C5S8	PF07714	PK_Tyr_Ser-Thr	340	612	273	1e-50	171.0
Q9LK43	PF07714	PK_Tyr_Ser-Thr	578	854	277	1.3e-48	164.1
Q63572	PF07714	PK_Tyr_Ser-Thr	52	306	255	8e-47	158.2
O75716	PF00069	Pkinase	20	290	271	1.5e-45	154.2
Q757X8	PF00069	Pkinase	397	670	274	5.4e-45	152.4
P28708	PF00069	Pkinase	192	508	317	2.2e-45	153.6
Q9LYN8	PF07714	PK_Tyr_Ser-Thr	917	1189	273	1.6e-47	160.5
Q9FRS6	PF00069	Pkinase	714	999	286	2e-45	153.8
Q5WA76	PF00069	Pkinase	445	701	257	4.5e-45	152.6
Q1PDV6	PF00069	Pkinase	83	360	278	1.8e-45	153.9
Q06807	PF07714	PK_Tyr_Ser-Thr	825	1093	269	2.3e-91	304.2
Q9FIZ3	PF00069	Pkinase	948	1233	286	2.2e-45	153.7
C0LGD6	PF00069	Pkinase	571	838	268	2.4e-45	153.5
Q9FIJ6	PF00069	Pkinase	443	729	287	2.1e-45	153.7
Q54GY6	PF07714	PK_Tyr_Ser-Thr	18	182	165	2.7e-30	104.1
Q99640	PF00069	Pkinase	110	359	250	1.9e-45	153.9
Q09147	PF07714	PK_Tyr_Ser-Thr	712	996	285	4.8e-97	322.8
Q9FID6	PF00069	Pkinase	497	767	271	2.7e-45	153.4
G5ECN5	PF00069	Pkinase	52	335	284	1.9e-45	153.9
O81069	PF00069	Pkinase	578	846	269	2.6e-45	153.4
P93194	PF00069	Pkinase	816	1093	278	2.4e-45	153.5
Q9LW83	PF07714	PK_Tyr_Ser-Thr	527	800	274	2.8e-47	159.7
Q55BA0	PF07714	PK_Tyr_Ser-Thr	35	325	291	2.1e-52	176.5
Q55A55	PF07714	PK_Tyr_Ser-Thr	601	862	262	9.2e-48	161.3
Q5AP97	PF00069	Pkinase	791	1154	364	4.4e-44	149.4
Q09595	PF00069	Pkinase	20	304	285	2.3e-45	153.6
Q94C25	PF00069	Pkinase	105	388	284	2.6e-45	153.4
P27450	PF07714	PK_Tyr_Ser-Thr	86	365	280	1.3e-50	170.6
A8WWX1	PF00069	Pkinase	54	305	252	3e-45	153.2
Q6XHB2	PF07714	PK_Tyr_Ser-Thr	1026	1289	264	2.7e-54	182.7
Q3E9X6	PF00069	Pkinase	363	635	273	3.1e-45	153.1
Q9S7I6	PF00069	Pkinase	874	1142	269	3e-45	153.2
Q9LMT9	PF07714	PK_Tyr_Ser-Thr	454	725	272	1.5e-46	157.3
P30290	PF00069	Pkinase	289	558	270	3.1e-45	153.2
Q8GUQ5	PF00069	Pkinase	888	1160	273	3.4e-45	153.0
G3V9H8	PF07714	PK_Tyr_Ser-Thr	725	1006	282	5.3e-98	326.0
P9WI66	PF00069	Pkinase	14	276	263	3.4e-45	153.0
Q8GZ99	PF00069	Pkinase	631	902	272	3.7e-45	152.9
O73875	PF07714	PK_Tyr_Ser-Thr	621	880	260	2e-95	317.5
Q9FXF2	PF07714	PK_Tyr_Ser-Thr	681	952	272	1.9e-48	163.5
O22187	PF07714	PK_Tyr_Ser-Thr	488	758	271	1.5e-45	154.1
C0LGH3	PF07714	PK_Tyr_Ser-Thr	693	961	269	1.8e-46	157.1
Q66KH9	PF00069	Pkinase	22	287	266	1.5e-43	147.6
P17948	PF07714	PK_Tyr_Ser-Thr	827	1154	328	8e-96	318.8
P32361	PF00069	Pkinase	674	980	307	1.1e-42	144.7
Q09792	PF00069	Pkinase	242	505	264	4.9e-45	152.5
Q54DK3	PF00069	Pkinase	622	783	162	2.6e-28	97.7
Q9FF31	PF07714	PK_Tyr_Ser-Thr	322	594	273	7.9e-47	158.2
Q869L4	PF00069	Pkinase	11	169	159	7.9e-23	79.7
Q9LSR8	PF00069	Pkinase	344	611	268	5.5e-45	152.3
Q54WD7	PF00069	Pkinase	444	617	174	5e-36	123.0
C0LGF5	PF00069	Pkinase	772	1048	277	6.3e-45	152.1
Q9SSL9	PF00069	Pkinase	827	1107	281	6.1e-45	152.2
Q54JC7	PF07714	PK_Tyr_Ser-Thr	599	850	252	4.5e-50	168.9
O42565	PF07714	PK_Tyr_Ser-Thr	314	572	259	7.9e-52	174.6
P03949	PF07714	PK_Tyr_Ser-Thr	311	562	252	1.2e-96	321.6
P25848	PF07714	PK_Tyr_Ser-Thr	1004	1282	279	1.2e-50	170.7
Q8VYY5	PF00069	Pkinase	210	492	283	7.4e-45	151.9
P57078	PF00069	Pkinase	22	282	261	9.7e-45	151.5
P70600	PF07714	PK_Tyr_Ser-Thr	425	679	255	1.1e-96	321.7
Q9LSE1	PF00069	Pkinase	74	353	280	1.6e-44	150.8
Q9SKB2	PF00069	Pkinase	347	637	291	1.1e-44	151.3
Q55CY9	PF07714	PK_Tyr_Ser-Thr	1048	1290	243	4.6e-45	152.5
P46573	PF07714	PK_Tyr_Ser-Thr	69	351	283	2.7e-47	159.8
P9WI78	PF00069	Pkinase	15	274	260	1.3e-44	151.1
Q9I7F7	PF07714	PK_Tyr_Ser-Thr	133	396	264	8.1e-85	282.7
Q3E8W4	PF07714	PK_Tyr_Ser-Thr	521	791	271	4.9e-48	162.2
Q54DY0	PF00069	Pkinase	13	160	148	8.1e-29	99.3
Q39203	PF00069	Pkinase	462	736	275	2.3e-44	150.3
O24585	PF07714	PK_Tyr_Ser-Thr	505	778	274	5.4e-45	152.2
Q09092	PF07714	PK_Tyr_Ser-Thr	528	806	279	5.2e-48	162.1
Q54N73	PF07714	PK_Tyr_Ser-Thr	363	623	261	3e-54	182.6
Q2RBE3	PF00069	Pkinase	36	291	256	2.1e-44	150.4
Q3ECH2	PF07714	PK_Tyr_Ser-Thr	557	839	283	1.9e-46	157.0
F4IS56	PF07714	PK_Tyr_Ser-Thr	202	457	256	3.3e-49	166.1
F4KA50	PF07714	PK_Tyr_Ser-Thr	318	584	267	6.5e-45	152.0
P12965	PF00069	Pkinase	63	331	269	1.9e-44	150.6
F4JZW1	PF07714	PK_Tyr_Ser-Thr	76	353	278	5.2e-48	162.1
O64781	PF07714	PK_Tyr_Ser-Thr	520	789	270	1.5e-48	163.9
F4I2N7	PF00069	Pkinase	666	952	287	2.5e-44	150.2
Q6R2J8	PF07714	PK_Tyr_Ser-Thr	395	669	275	8.5e-45	151.6
Q1PE89	PF00069	Pkinase	71	347	277	2.3e-44	150.3
G5EBZ8	PF07714	PK_Tyr_Ser-Thr	113	376	264	3.7e-84	280.6
O65482	PF07714	PK_Tyr_Ser-Thr	510	780	271	2.8e-49	166.3
Q0PW40	PF00069	Pkinase	358	628	271	2.8e-44	150.0
O49839	PF07714	PK_Tyr_Ser-Thr	86	366	281	2.6e-46	156.6
O80623	PF07714	PK_Tyr_Ser-Thr	488	758	271	1.2e-48	164.2
P35739	PF07714	PK_Tyr_Ser-Thr	513	784	272	3e-95	316.9
Q91909	PF07714	PK_Tyr_Ser-Thr	577	908	332	1.7e-94	314.5
Q8NFD2	PF07714	PK_Tyr_Ser-Thr	25	284	260	1.8e-45	153.8
Q9LDQ3	PF07714	PK_Tyr_Ser-Thr	345	617	273	3.4e-47	159.4
Q54WS5	PF07714	PK_Tyr_Ser-Thr	1356	1623	268	1.8e-50	170.2
Q61IS6	PF00069	Pkinase	495	694	200	3.1e-23	81.0
A0A0P0XII1	PF07714	PK_Tyr_Ser-Thr	324	596	273	1.2e-44	151.1
Q91618	PF00069	Pkinase	103	353	251	3.2e-44	149.8
Q12505	PF00069	Pkinase	92	332	241	4.3e-39	133.0
Q9LPZ3	PF07714	PK_Tyr_Ser-Thr	523	793	271	2.2e-48	163.3
Q7XIT1	PF00069	Pkinase	491	759	269	4e-44	149.5
Q0D847	PF00069	Pkinase	35	291	257	4.2e-44	149.4
Q03563	PF00069	Pkinase	422	625	204	1.2e-23	82.4
Q9FNE1	PF00069	Pkinase	315	588	274	4.8e-44	149.2
Q10925	PF07714	PK_Tyr_Ser-Thr	107	363	257	1.8e-85	284.9
Q1ZXD6	PF07714	PK_Tyr_Ser-Thr	2175	2440	266	6.1e-49	165.2
P42679	PF07714	PK_Tyr_Ser-Thr	235	478	244	1.7e-88	294.8
O97799	PF07714	PK_Tyr_Ser-Thr	592	927	336	1.6e-93	311.2
C0LGG4	PF07714	PK_Tyr_Ser-Thr	584	852	269	5.5e-46	155.5
F1SPM8	PF00069	Pkinase	46	311	266	7.4e-44	148.6
O43066	PF00069	Pkinase	57	325	269	9.4e-44	148.3
Q9T020	PF07714	PK_Tyr_Ser-Thr	526	795	270	1.1e-45	154.5
P29322	PF07714	PK_Tyr_Ser-Thr	635	892	258	2.6e-95	317.2
Q5XF57	PF00069	Pkinase	267	534	268	7.4e-44	148.6
C0LGD9	PF00069	Pkinase	570	836	267	7e-44	148.7
Q9LMN8	PF07714	PK_Tyr_Ser-Thr	416	685	270	1.4e-46	157.5
Q9ZNQ8	PF00069	Pkinase	284	555	272	6.1e-44	148.9
D2IYS2	PF07714	PK_Tyr_Ser-Thr	439	738	300	1.6e-93	311.3
Q8LPB4	PF00069	Pkinase	743	1014	272	8e-44	148.5
Q9ZQQ7	PF07714	PK_Tyr_Ser-Thr	582	849	268	1.8e-44	150.5
Q255D2	PF00069	Pkinase	4	289	286	1.1e-43	148.1
Q552C1	PF07714	PK_Tyr_Ser-Thr	1044	1305	262	1.1e-50	170.9
O04086	PF00069	Pkinase	295	557	263	9.3e-44	148.3
D7SFH9	PF07714	PK_Tyr_Ser-Thr	806	1079	274	7.5e-46	155.1
Q7XV05	PF07714	PK_Tyr_Ser-Thr	306	580	275	5e-45	152.3
O75460	PF00069	Pkinase	571	832	262	1.3e-43	147.9
Q6FQH2	PF00069	Pkinase	556	800	245	1.6e-42	144.2
P85193	PF00069	Pkinase	49	242	194	1e-43	148.2
P9WI77	PF00069	Pkinase	16	270	255	1.4e-43	147.7
Q9LK35	PF07714	PK_Tyr_Ser-Thr	510	780	271	2.4e-48	163.2
Q11090	PF00069	Pkinase	126	391	266	2e-43	147.2
O43353	PF07714	PK_Tyr_Ser-Thr	18	290	273	1e-43	148.0
Q9SGY7	PF07714	PK_Tyr_Ser-Thr	372	643	272	1e-45	154.6
Q9W3Y1	PF00069	Pkinase	127	290	164	5e-25	86.9
G5ECP4	PF00069	Pkinase	185	476	292	2.2e-43	147.1
I1Z695	PF00069	Pkinase	653	919	267	2.2e-43	147.1
Q9LX66	PF07714	PK_Tyr_Ser-Thr	485	755	271	1.2e-48	164.2
Q9SNA3	PF07714	PK_Tyr_Ser-Thr	585	855	271	1.8e-45	153.8
Q9C821	PF07714	PK_Tyr_Ser-Thr	143	417	275	2e-44	150.4
Q9FM85	PF07714	PK_Tyr_Ser-Thr	76	356	281	3.7e-46	156.1
A9TXT1	PF07714	PK_Tyr_Ser-Thr	330	549	220	6.9e-44	148.6
O81906	PF07714	PK_Tyr_Ser-Thr	529	799	271	9.1e-47	158.1
C0LGD8	PF00069	Pkinase	561	827	267	3.3e-43	146.5
Q5A961	PF00069	Pkinase	22	314	293	4.6e-43	146.0
Q16832	PF07714	PK_Tyr_Ser-Thr	563	849	287	2.5e-86	287.7
Q9LZF8	PF00069	Pkinase	81	363	283	3e-43	146.6
P33973	PF00069	Pkinase	59	320	262	3.2e-43	146.6
Q03351	PF07714	PK_Tyr_Ser-Thr	538	731	194	6e-55	184.9
P50582	PF00069	Pkinase	108	433	326	6.4e-38	129.2
P0DPS9	PF00069	Pkinase	4	294	291	4.8e-43	146.0
Q55GJ2	PF00069	Pkinase	575	851	277	2.9e-43	146.7
Q9ZWC8	PF00069	Pkinase	859	1134	276	4.8e-43	146.0
Q60750	PF07714	PK_Tyr_Ser-Thr	625	881	257	2.8e-95	317.1
P36616	PF00069	Pkinase	81	232	152	2.3e-22	78.2
Q54FR9	PF00069	Pkinase	345	606	262	3.4e-43	146.5
Q7T6Y1	PF00069	Pkinase	16	262	247	4.6e-43	146.0
Q9FAB3	PF00069	Pkinase	15	285	271	5.2e-43	145.9
Q54UA9	PF00069	Pkinase	590	920	331	1.2e-42	144.7
A0A0K3AV08	PF07714	PK_Tyr_Ser-Thr	152	450	299	3.2e-56	189.0
Q9LY50	PF00069	Pkinase	496	789	294	5.8e-43	145.7
P79701	PF07714	PK_Tyr_Ser-Thr	858	1181	324	9.1e-95	315.4
P08941	PF07714	PK_Tyr_Ser-Thr	1961	2232	272	2.2e-95	317.4
Q9M342	PF07714	PK_Tyr_Ser-Thr	354	632	279	1.2e-43	147.8
Q9ZPS9	PF00069	Pkinase	838	1125	288	8e-43	145.2
Q9Y572	PF00069	Pkinase	21	283	263	7.9e-43	145.3
C0LGR6	PF07714	PK_Tyr_Ser-Thr	567	850	284	2e-44	150.4
Q9FID9	PF07714	PK_Tyr_Ser-Thr	525	800	276	1.7e-47	160.4
P38691	PF00069	Pkinase	93	343	251	3.4e-39	133.3
Q9ZR08	PF07714	PK_Tyr_Ser-Thr	532	803	272	1.1e-45	154.5
Q9FL28	PF00069	Pkinase	870	1154	285	9.2e-43	145.0
P13388	PF07714	PK_Tyr_Ser-Thr	710	966	257	1.3e-95	318.1
Q03142	PF07714	PK_Tyr_Ser-Thr	464	740	277	1.8e-98	327.5
C0LGX3	PF00069	Pkinase	686	985	300	1e-42	144.9
P00537	PF00069	Pkinase	94	366	273	9.4e-43	145.0
P47735	PF00069	Pkinase	683	963	281	1.1e-42	144.8
C0LGU5	PF07714	PK_Tyr_Ser-Thr	300	572	273	2e-44	150.4
A8R7E6	PF07714	PK_Tyr_Ser-Thr	322	590	269	9e-45	151.5
Q9NSY1	PF00069	Pkinase	51	315	265	1e-42	144.9
Q9LRT1	PF00069	Pkinase	726	1002	277	1.5e-42	144.3
Q55CW3	PF00069	Pkinase	191	439	249	2.7e-42	143.5
O54967	PF07714	PK_Tyr_Ser-Thr	126	385	260	6.7e-90	299.4
H2KZU7	PF07714	PK_Tyr_Ser-Thr	735	993	259	3.8e-78	260.9
A2XW02	PF00069	Pkinase	69	340	272	1.7e-42	144.2
G5EGK5	PF07714	PK_Tyr_Ser-Thr	590	857	268	5.3e-87	289.9
Q8GUH1	PF00069	Pkinase	481	737	257	6.1e-42	142.4
A7TGR2	PF00069	Pkinase	443	744	302	3.9e-42	143.0
Q8AXB3	PF07714	PK_Tyr_Ser-Thr	809	1135	327	6.8e-94	312.5
F4I3V3	PF00069	Pkinase	324	619	296	2.4e-42	143.7
P18475	PF07714	PK_Tyr_Ser-Thr	475	873	399	1.9e-82	275.0
Q9UPE1	PF00069	Pkinase	79	228	150	6.2e-22	76.8
Q9UF33	PF07714	PK_Tyr_Ser-Thr	739	930	192	2.9e-75	251.4
Q45FA5	PF00069	Pkinase	56	203	148	3e-20	71.2
O74815	PF00069	Pkinase	114	397	284	3.2e-42	143.3
P09251	PF00069	Pkinase	93	378	286	3.4e-42	143.2
Q8GX23	PF07714	PK_Tyr_Ser-Thr	312	584	273	7.5e-45	151.8
Q55F45	PF00069	Pkinase	733	838	106	8.5e-21	73.0
P9WI65	PF00069	Pkinase	26	280	255	5.2e-42	142.6
Q9YI66	PF07714	PK_Tyr_Ser-Thr	497	765	269	8.1e-91	302.4
G0RBE3	PF00069	Pkinase	809	1003	195	2.3e-32	111.0
Q01973	PF07714	PK_Tyr_Ser-Thr	473	746	274	2.1e-95	317.4
Q9FLJ8	PF07714	PK_Tyr_Ser-Thr	525	797	273	2.6e-46	156.6
Q9LS95	PF07714	PK_Tyr_Ser-Thr	337	609	273	1e-44	151.3
Q99558	PF00069	Pkinase	401	650	250	5.8e-42	142.4
O73791	PF07714	PK_Tyr_Ser-Thr	816	1084	269	5.5e-87	289.8
Q9NLA1	PF00069	Pkinase	40	329	290	6.3e-42	142.3
Q9C660	PF07714	PK_Tyr_Ser-Thr	430	703	274	3.5e-43	146.3
Q9LFS4	PF07714	PK_Tyr_Ser-Thr	312	583	272	1.5e-42	144.2
Q20085	PF00069	Pkinase	106	356	251	7.2e-42	142.1
P32801	PF00069	Pkinase	142	406	265	5.4e-36	122.8
Q6XHA5	PF07714	PK_Tyr_Ser-Thr	1185	1448	264	6.4e-52	174.9
Q62270	PF07714	PK_Tyr_Ser-Thr	234	484	251	1.6e-91	304.7
Q8GYF5	PF07714	PK_Tyr_Ser-Thr	314	590	277	6e-44	148.8
Q9SGP2	PF00069	Pkinase	676	959	284	8.6e-42	141.9
Q3UVC0	PF07714	PK_Tyr_Ser-Thr	667	929	263	9.9e-45	151.4
Q8LPS5	PF07714	PK_Tyr_Ser-Thr	275	549	275	3e-43	146.5
Q9ZUI0	PF00069	Pkinase	661	953	293	1e-41	141.7
Q9FN37	PF00069	Pkinase	754	1024	271	1.1e-41	141.6
Q6CXN5	PF00069	Pkinase	455	758	304	6.2e-41	139.0
P32350	PF00069	Pkinase	313	720	408	2.4e-40	137.1
Q8W4S5	PF07714	PK_Tyr_Ser-Thr	289	562	274	9.6e-42	141.6
Q05101	PF00069	Pkinase	102	386	285	1.2e-41	141.4
P35968	PF07714	PK_Tyr_Ser-Thr	834	1160	327	3.6e-93	310.1
Q8SSS9	PF07714	PK_Tyr_Ser-Thr	1242	1528	287	5.5e-46	155.5
O61460	PF07714	PK_Tyr_Ser-Thr	692	984	293	7.7e-81	269.7
P35590	PF07714	PK_Tyr_Ser-Thr	839	1107	269	2.3e-90	300.9
Q5GIT4	PF07714	PK_Tyr_Ser-Thr	843	1171	329	1.5e-93	311.3
Q8AXC6	PF07714	PK_Tyr_Ser-Thr	579	913	335	1.2e-93	311.7
Q9SA72	PF07714	PK_Tyr_Ser-Thr	522	790	269	2.1e-46	156.9
Q8SSY6	PF00069	Pkinase	1170	1437	268	1.6e-41	140.9
Q9LZV7	PF07714	PK_Tyr_Ser-Thr	687	956	270	4.1e-42	142.8
G5EFD2	PF07714	PK_Tyr_Ser-Thr	478	745	268	4.3e-47	159.1
P00545	PF07714	PK_Tyr_Ser-Thr	613	942	330	6.9e-96	319.0
Q9SCZ4	PF07714	PK_Tyr_Ser-Thr	536	807	272	6.1e-48	161.9
C0LGT1	PF07714	PK_Tyr_Ser-Thr	290	564	275	1.5e-42	144.2
P75524	PF00069	Pkinase	43	329	287	3.2e-41	140.0
P54738	PF00069	Pkinase	6	276	271	3.2e-41	140.0
P00544	PF07714	PK_Tyr_Ser-Thr	286	535	250	4e-91	303.4
Q9LHP4	PF00069	Pkinase	786	1063	278	3.6e-41	139.8
Q8L4H4	PF07714	PK_Tyr_Ser-Thr	597	868	272	8.1e-46	154.9
Q00342	PF07714	PK_Tyr_Ser-Thr	611	946	336	4.2e-92	306.6
Q11112	PF00069	Pkinase	25	288	264	3.5e-41	139.9
P54735	PF00069	Pkinase	9	268	260	2.8e-41	140.2
Q6UD73	PF07714	PK_Tyr_Ser-Thr	322	592	271	3.8e-43	146.2
Q15303	PF07714	PK_Tyr_Ser-Thr	718	974	257	1.1e-96	321.6
P36004	PF00069	Pkinase	413	712	300	1.8e-40	137.5
Q05652	PF07714	PK_Tyr_Ser-Thr	214	495	282	7.2e-41	138.7
Q9FLW0	PF07714	PK_Tyr_Ser-Thr	489	759	271	1.1e-47	161.1
Q6R2K1	PF00069	Pkinase	404	673	270	7.4e-41	138.8
Q55E58	PF07714	PK_Tyr_Ser-Thr	2247	2511	265	4e-53	178.9
Q24145	PF07714	PK_Tyr_Ser-Thr	662	921	260	1.3e-86	288.6
Q8VYT3	PF07714	PK_Tyr_Ser-Thr	303	572	270	2.7e-42	143.4
Q13308	PF07714	PK_Tyr_Ser-Thr	796	1061	266	5.7e-85	283.2
P08581	PF07714	PK_Tyr_Ser-Thr	1078	1337	260	9.7e-96	318.5
P00533	PF07714	PK_Tyr_Ser-Thr	712	968	257	1.9e-92	307.7
P0DL10	PF07714	PK_Tyr_Ser-Thr	703	977	275	9.7e-41	138.3
O15146	PF07714	PK_Tyr_Ser-Thr	575	856	282	2.2e-95	317.4
P78362	PF00069	Pkinase	81	230	150	2.2e-22	78.2
Q5RD27	PF00069	Pkinase	80	231	152	2.6e-22	78.0
Q8AXY6	PF07714	PK_Tyr_Ser-Thr	655	934	280	5.3e-95	316.1
Q9LJM4	PF00069	Pkinase	671	964	294	2.4e-40	137.1
P0DKI6	PF00069	Pkinase	43	333	291	1.9e-40	137.5
B1WBU5	PF00069	Pkinase	62	329	268	1.9e-40	137.5
Q03656	PF00069	Pkinase	530	706	177	3.1e-19	67.9
P74297	PF00069	Pkinase	34	297	264	2.3e-40	137.2
O64774	PF07714	PK_Tyr_Ser-Thr	454	707	254	3e-41	140.0
B5X4Z9	PF00069	Pkinase	277	544	268	2.8e-40	136.9
Q54C38	PF00069	Pkinase	11	265	255	1.1e-26	92.4
P38970	PF00069	Pkinase	594	837	244	1e-38	131.7
Q9VZI2	PF07714	PK_Tyr_Ser-Thr	123	383	261	9.3e-86	285.8
P24348	PF07714	PK_Tyr_Ser-Thr	885	1141	257	1.9e-87	291.4
Q67X31	PF00069	Pkinase	289	564	276	3.4e-40	136.6
Q9M6A7	PF07714	PK_Tyr_Ser-Thr	696	971	276	1.3e-40	137.9
Q9FHX3	PF07714	PK_Tyr_Ser-Thr	366	644	279	4.1e-41	139.5
O22808	PF00069	Pkinase	378	641	264	4.7e-40	136.2
C0LGP9	PF07714	PK_Tyr_Ser-Thr	488	756	269	4.1e-42	142.8
Q9C5S2	PF00069	Pkinase	414	704	291	8.2e-39	132.1
P08922	PF07714	PK_Tyr_Ser-Thr	1945	2215	271	1.4e-95	318.0
Q6FJ85	PF00069	Pkinase	450	752	303	2.3e-39	133.9
Q5S006	PF00069	Pkinase	1881	2132	252	1.3e-39	134.7
Q9LY03	PF07714	PK_Tyr_Ser-Thr	678	948	271	1.3e-41	141.2
Q9SV05	PF00069	Pkinase	59	328	270	8.2e-40	135.4
P41720	PF00069	Pkinase	19	264	246	8.6e-40	135.3
P28926	PF00069	Pkinase	93	379	287	1e-39	135.1
Q54RP7	PF00069	Pkinase	393	622	230	9.1e-25	86.1
Q9LU47	PF00069	Pkinase	460	727	268	2.4e-39	133.8
Q8S8S7	PF07714	PK_Tyr_Ser-Thr	442	703	262	6.4e-41	138.9
Q55FV4	PF00069	Pkinase	19	268	250	1.9e-39	134.2
A0A0P0VIP0	PF00069	Pkinase	389	653	265	2e-39	134.1
Q9FHK7	PF00069	Pkinase	348	613	266	2.2e-39	134.0
Q8H1D6	PF07714	PK_Tyr_Ser-Thr	153	421	269	3.2e-40	136.6
Q54ET3	PF00069	Pkinase	22	363	342	3e-37	127.0
Q9SCT4	PF07714	PK_Tyr_Ser-Thr	537	805	269	6.2e-40	135.7
Q93VJ2	PF00069	Pkinase	459	744	286	1.5e-38	131.3
Q6R2K3	PF07714	PK_Tyr_Ser-Thr	485	759	275	4.9e-43	145.8
Q2R2D5	PF00069	Pkinase	720	971	252	3.4e-39	133.3
P9WI75	PF00069	Pkinase	12	269	258	3.3e-39	133.4
Q9FKG5	PF00069	Pkinase	429	702	274	5.8e-38	129.3
Q8RXC8	PF07714	PK_Tyr_Ser-Thr	143	409	267	3.8e-40	136.3
P93050	PF07714	PK_Tyr_Ser-Thr	283	557	275	6.4e-41	138.9
P97343	PF00069	Pkinase	23	304	282	4.2e-39	133.1
P49695	PF00069	Pkinase	16	264	249	4.5e-39	132.9
Q54M77	PF07714	PK_Tyr_Ser-Thr	1625	1856	232	1.4e-48	164.0
A0JM20	PF07714	PK_Tyr_Ser-Thr	503	771	269	2.5e-89	297.5
Q9TZM3	PF00069	Pkinase	1738	1986	249	7.1e-38	129.0
Q1ZXR2	PF00069	Pkinase	508	771	264	9.3e-39	131.9
Q9LSC2	PF07714	PK_Tyr_Ser-Thr	39	311	273	1.5e-43	147.6
Q9SAH3	PF00069	Pkinase	81	243	163	2.9e-29	100.8
O94537	PF00069	Pkinase	655	938	284	9.9e-39	131.8
Q9M9C5	PF00069	Pkinase	363	632	270	8e-39	132.1
Q04912	PF07714	PK_Tyr_Ser-Thr	1082	1341	260	8.5e-92	305.6
Q38SD2	PF00069	Pkinase	1243	1521	279	1.3e-38	131.5
G5ECQ3	PF00069	Pkinase	47	316	270	1e-38	131.8
Q8TEA7	PF00069	Pkinase	32	273	242	9.4e-39	131.9
Q9C8M9	PF07714	PK_Tyr_Ser-Thr	416	687	272	1.5e-39	134.4
Q7F8Q9	PF00069	Pkinase	1107	1388	282	1.2e-38	131.6
O64639	PF00069	Pkinase	92	258	167	2.7e-27	94.3
Q08345	PF07714	PK_Tyr_Ser-Thr	610	905	296	2.6e-85	284.4
Q9V6K3	PF07714	PK_Tyr_Ser-Thr	441	711	271	4.3e-89	296.8
Q6R2K2	PF07714	PK_Tyr_Ser-Thr	415	683	269	2.1e-39	133.9
Q4WKP8	PF00069	Pkinase	713	1025	313	1.9e-37	127.6
Q10078	PF00069	Pkinase	186	338	153	6.6e-23	80.0
P30530	PF07714	PK_Tyr_Ser-Thr	536	803	268	4e-91	303.4
P53974	PF00069	Pkinase	22	298	277	1.8e-38	131.0
Q2LGB3	PF00069	Pkinase	212	518	307	1.9e-38	130.9
Q9SGN7	PF00069	Pkinase	52	330	279	1.7e-38	131.1
Q9STF0	PF07714	PK_Tyr_Ser-Thr	50	310	261	3.5e-39	133.2
Q61097	PF07714	PK_Tyr_Ser-Thr	563	827	265	1.8e-46	157.1
C0LGT6	PF00069	Pkinase	712	992	281	2.5e-38	130.5
Q62190	PF07714	PK_Tyr_Ser-Thr	1059	1318	260	4.1e-92	306.7
Q76MJ5	PF00069	Pkinase	520	781	262	2.8e-38	130.4
Q9UTE5	PF00069	Pkinase	346	587	242	1.6e-22	78.7
Q8IVT5	PF07714	PK_Tyr_Ser-Thr	613	877	265	1.4e-46	157.4
Q9FKG6	PF00069	Pkinase	490	751	262	5.9e-38	129.3
Q9UQY9	PF00069	Pkinase	81	222	142	1.5e-17	62.4
B9DFG5	PF07714	PK_Tyr_Ser-Thr	114	391	278	2.5e-47	159.9
Q86A12	PF00069	Pkinase	391	648	258	2.2e-18	65.1
P54734	PF00069	Pkinase	9	271	263	4.6e-38	129.7
P34891	PF07714	PK_Tyr_Ser-Thr	144	452	309	2.4e-81	271.4
O18735	PF07714	PK_Tyr_Ser-Thr	719	975	257	1.5e-90	301.6
Q6XHA7	PF07714	PK_Tyr_Ser-Thr	3010	3262	253	3.4e-44	149.6
Q06418	PF07714	PK_Tyr_Ser-Thr	518	786	269	1.5e-90	301.5
O48788	PF00069	Pkinase	352	616	265	8.7e-38	128.7
P09208	PF07714	PK_Tyr_Ser-Thr	1371	1650	280	1.7e-93	311.2
P36894	PF00069	Pkinase	234	522	289	1.2e-37	128.3
Q6FRE7	PF00069	Pkinase	223	529	307	1.1e-37	128.4
Q17833	PF07714	PK_Tyr_Ser-Thr	175	461	287	2.8e-81	271.2
P38080	PF00069	Pkinase	66	318	253	8e-38	128.9
A2CI35	PF00069	Pkinase	666	924	259	6e-37	126.0
Q4VSN4	PF00069	Pkinase	655	909	255	4.7e-37	126.3
Q7T0B0	PF00069	Pkinase	38	328	291	2e-37	127.5
Q9LP77	PF07714	PK_Tyr_Ser-Thr	372	639	268	2.1e-39	133.9
Q9Z138	PF07714	PK_Tyr_Ser-Thr	473	746	274	5.5e-89	296.4
Q12866	PF07714	PK_Tyr_Ser-Thr	587	854	268	2.2e-91	304.3
P24381	PF00069	Pkinase	109	387	279	2.6e-37	127.2
P0C8F4	PF00069	Pkinase	48	277	230	3.7e-37	126.7
Q9RRH3	PF00069	Pkinase	13	272	260	2.5e-37	127.2
P23049	PF07714	PK_Tyr_Ser-Thr	60	319	260	6.1e-93	309.4
P40494	PF00069	Pkinase	23	295	273	5.2e-37	126.2
P74745	PF00069	Pkinase	12	274	263	3.7e-37	126.7
Q6DHU8	PF00069	Pkinase	37	322	286	4.9e-37	126.3
Q19238	PF07714	PK_Tyr_Ser-Thr	467	755	289	7.5e-87	289.4
Q9FMY3	PF00069	Pkinase	16	296	281	8.5e-37	125.5
C0LGP4	PF07714	PK_Tyr_Ser-Thr	702	994	293	2.5e-37	127.1
Q9STJ8	PF07714	PK_Tyr_Ser-Thr	99	263	165	7.9e-26	89.4
Q9USS2	PF00069	Pkinase	25	299	275	1.8e-36	124.4
Q7RTN6	PF00069	Pkinase	69	379	311	1.5e-36	124.7
P83098	PF00069	Pkinase	10	298	289	1.5e-36	124.7
C0LGR3	PF00069	Pkinase	760	1036	277	1.8e-36	124.4
Q1L6Q1	PF00069	Pkinase	633	894	262	6e-36	122.7
Q9VM90	PF00069	Pkinase	101	366	266	2.8e-36	123.8
Q9SL76	PF00069	Pkinase	792	1038	247	3.2e-36	123.6
Q55DJ8	PF00069	Pkinase	981	1246	266	6.7e-36	122.5
Q55DK2	PF00069	Pkinase	239	480	242	5.7e-31	106.4
Q12003	PF00069	Pkinase	206	359	154	2.4e-25	87.9
P54742	PF00069	Pkinase	16	257	242	4.3e-36	123.2
P37172	PF07714	PK_Tyr_Ser-Thr	208	495	288	3.8e-36	123.2
Q559A2	PF00069	Pkinase	987	1261	275	4.1e-36	123.2
A0A509AH51	PF00069	Pkinase	2118	2265	148	6.8e-19	66.8
B4MR28	PF07714	PK_Tyr_Ser-Thr	787	1051	265	7.2e-65	217.4
Q8K4B2	PF00069	Pkinase	178	456	279	7.5e-36	122.4
Q9M8T0	PF00069	Pkinase	346	611	266	8.6e-36	122.2
Q9LVM0	PF07714	PK_Tyr_Ser-Thr	359	626	268	5.6e-36	122.7
Q9C823	PF07714	PK_Tyr_Ser-Thr	270	542	273	6.8e-41	138.8
Q8K4T3	PF00069	Pkinase	58	369	312	1.7e-35	121.2
P34892	PF07714	PK_Tyr_Ser-Thr	140	454	315	3.9e-86	287.1
Q84MA9	PF00069	Pkinase	351	615	265	1.7e-35	121.2
Q4J9K4	PF00069	Pkinase	317	621	305	1.8e-35	121.2
P36003	PF00069	Pkinase	449	624	176	5.8e-25	86.7
O80963	PF07714	PK_Tyr_Ser-Thr	519	680	162	1.8e-35	121.0
Q9S7D9	PF00069	Pkinase	520	676	157	2.4e-32	110.9
Q54YZ5	PF00069	Pkinase	1242	1431	190	9.2e-18	63.1
C0LGK9	PF00069	Pkinase	546	843	298	1e-34	118.7
O13889	PF00069	Pkinase	418	663	246	4.6e-21	73.9
O64825	PF07714	PK_Tyr_Ser-Thr	370	597	228	5.4e-37	126.0
P47116	PF00069	Pkinase	256	562	307	6.1e-35	119.4
Q0V7T5	PF07714	PK_Tyr_Ser-Thr	149	412	264	6.2e-38	129.1
Q54V83	PF00069	Pkinase	109	416	308	5.8e-35	119.5
Q55DJ9	PF00069	Pkinase	1054	1324	271	6.6e-35	119.3
O10269	PF00069	Pkinase	18	267	250	1.1e-34	118.5
Q9SJQ1	PF00069	Pkinase	358	642	285	2.3e-34	117.5
Q9SD62	PF07714	PK_Tyr_Ser-Thr	719	1012	294	7.6e-35	119.0
P04413	PF00069	Pkinase	191	478	288	1.9e-34	117.8
Q5UQC1	PF00069	Pkinase	10	311	302	3.2e-34	117.0
Q557G1	PF00069	Pkinase	1027	1293	267	1.8e-34	117.9
Q94C77	PF00069	Pkinase	472	750	279	3.5e-34	116.9
P08923	PF07714	PK_Tyr_Ser-Thr	506	773	268	1.6e-89	298.2
Q54R95	PF00069	Pkinase	777	1046	270	1.1e-33	115.2
Q8NE28	PF00069	Pkinase	28	297	270	4.7e-34	116.5
Q54V35	PF00069	Pkinase	77	398	322	9.7e-34	115.5
P21860	PF07714	PK_Tyr_Ser-Thr	709	965	257	1.4e-82	275.4
C0LGE4	PF07714	PK_Tyr_Ser-Thr	593	873	281	1e-34	118.5
Q0JA29	PF00069	Pkinase	876	1173	298	4.8e-34	116.5
Q6ZMQ8	PF07714	PK_Tyr_Ser-Thr	125	395	271	8.1e-62	207.4
Q9C9Y8	PF07714	PK_Tyr_Ser-Thr	342	611	270	2.3e-36	124.0
Q80YS9	PF00069	Pkinase	3	266	264	1.3e-33	115.1
Q9SF12	PF00069	Pkinase	128	408	281	1.3e-32	111.8
Q54VU5	PF07714	PK_Tyr_Ser-Thr	522	778	257	1.9e-39	134.1
Q08097	PF00069	Pkinase	164	462	299	1.9e-33	114.5
G5EDA5	PF07714	PK_Tyr_Ser-Thr	248	526	279	1.5e-42	144.2
Q9FG24	PF00069	Pkinase	415	691	277	1.5e-33	114.9
Q9SH71	PF00069	Pkinase	307	578	272	1.7e-33	114.7
P36896	PF00069	Pkinase	207	494	288	2e-33	114.4
P36002	PF00069	Pkinase	197	503	307	2.3e-33	114.2
Q9ZU46	PF00069	Pkinase	406	708	303	1.8e-32	111.3
Q9SUQ3	PF07714	PK_Tyr_Ser-Thr	338	605	268	6e-34	116.0
F1QVU0	PF07714	PK_Tyr_Ser-Thr	935	1202	268	1.1e-89	298.7
F8W3R9	PF07714	PK_Tyr_Ser-Thr	1113	1380	268	5.4e-90	299.7
C0LGS2	PF07714	PK_Tyr_Ser-Thr	842	1114	273	2.3e-34	117.4
Q54DF7	PF00069	Pkinase	16	279	264	4.7e-33	113.2
Q93Y06	PF00069	Pkinase	394	653	260	4.7e-33	113.2
Q9UU85	PF00069	Pkinase	33	305	273	4.9e-33	113.2
Q5TCY1	PF00069	Pkinase	34	305	272	5.7e-33	113.0
Q8RWZ1	PF00069	Pkinase	497	765	269	5.6e-33	113.0
P57993	PF00069	Pkinase	160	406	247	8.9e-33	112.3
P0DV84	PF07714	PK_Tyr_Ser-Thr	1131	1398	268	1.4e-90	301.7
P80203	PF07714	PK_Tyr_Ser-Thr	203	490	288	1.4e-36	124.7
P32742	PF00069	Pkinase	22	292	271	2.6e-32	110.8
Q00094	PF00069	Pkinase	301	595	295	1.5e-32	111.6
Q21038	PF07714	PK_Tyr_Ser-Thr	847	1163	317	2.7e-85	284.3
P73469	PF00069	Pkinase	46	313	268	2e-32	111.2
Q55F27	PF00069	Pkinase	5	199	195	3.2e-29	100.6
Q09488	PF00069	Pkinase	265	496	232	4.6e-32	110.0
Q54IE8	PF00069	Pkinase	903	1166	264	2e-32	111.1
Q556Q3	PF00069	Pkinase	950	1235	286	2.5e-32	110.9
Q55CW2	PF00069	Pkinase	188	452	265	2.5e-32	110.8
O76411	PF07714	PK_Tyr_Ser-Thr	976	1241	266	6.2e-75	250.4
Q55G97	PF00069	Pkinase	111	425	315	5.8e-31	106.4
Q96Q04	PF07714	PK_Tyr_Ser-Thr	133	408	276	3.1e-62	208.7
P42159	PF07714	PK_Tyr_Ser-Thr	346	600	255	2.2e-68	228.9
Q8IMC6	PF00069	Pkinase	173	430	258	7.1e-32	109.4
Q9LFL6	PF00069	Pkinase	69	327	259	7.1e-32	109.4
Q13470	PF07714	PK_Tyr_Ser-Thr	116	377	262	7.3e-74	246.9
Q1DB00	PF00069	Pkinase	25	296	272	8e-32	109.2
Q6UDG0	PF00069	Pkinase	147	446	300	1.2e-31	108.6
Q7FK82	PF07714	PK_Tyr_Ser-Thr	351	603	253	2.6e-31	107.4
Q9LYU7	PF00069	Pkinase	119	396	278	1.6e-31	108.2
Q5UQ24	PF00069	Pkinase	365	538	174	4.4e-17	60.9
G9LZD7	PF00069	Pkinase	849	1129	281	2.2e-31	107.7
Q54XI9	PF07714	PK_Tyr_Ser-Thr	961	1236	276	1.1e-34	118.5
Q8SQR2	PF00069	Pkinase	8	282	275	2.2e-31	107.8
Q21041	PF07714	PK_Tyr_Ser-Thr	870	1175	306	5.9e-84	279.9
Q6J9G1	PF07714	PK_Tyr_Ser-Thr	119	387	269	2.4e-59	199.3
O31435	PF00069	Pkinase	25	186	162	6.4e-31	106.2
Q6IQ55	PF00069	Pkinase	21	276	256	8.2e-31	105.9
Q54US6	PF00069	Pkinase	56	349	294	7.5e-31	106.0
P42169	PF00069	Pkinase	50	314	265	1.1e-30	105.4
C0LGR9	PF00069	Pkinase	367	637	271	2.1e-30	104.5
Q55CW1	PF00069	Pkinase	134	393	260	2e-30	104.6
Q9D2Y4	PF07714	PK_Tyr_Ser-Thr	195	448	254	3.1e-41	139.9
Q9FL51	PF07714	PK_Tyr_Ser-Thr	602	860	259	2.9e-34	117.1
Q9M1L7	PF00069	Pkinase	359	628	270	5.1e-30	103.3
Q9ASS4	PF07714	PK_Tyr_Ser-Thr	303	546	244	3e-34	117.0
P0C5K0	PF00069	Pkinase	43	307	265	6.6e-30	102.9
Q40902	PF07714	PK_Tyr_Ser-Thr	435	699	265	1.9e-30	104.5
C0LGU0	PF00069	Pkinase	358	625	268	7.5e-30	102.7
P47042	PF00069	Pkinase	173	526	354	1.1e-28	98.9
Q9ZW09	PF07714	PK_Tyr_Ser-Thr	353	611	259	9.5e-34	115.4
O15197	PF07714	PK_Tyr_Ser-Thr	670	915	246	1.1e-68	229.8
Q8RWX4	PF07714	PK_Tyr_Ser-Thr	39	303	265	1e-32	112.0
Q554L2	PF00069	Pkinase	420	787	368	2.4e-29	101.1
Q55BM1	PF00069	Pkinase	687	954	268	2.5e-29	101.0
O86560	PF00069	Pkinase	530	811	282	1.9e-15	55.5
C6KTB8	PF00069	Pkinase	2739	2990	252	2.2e-19	68.4
Q96S38	PF00069	Pkinase	874	1056	183	4e-25	87.2
P43568	PF00069	Pkinase	15	365	351	7.8e-28	96.1
P36615	PF00069	Pkinase	11	290	280	7.8e-29	99.4
Q555U5	PF00069	Pkinase	132	266	135	9e-18	63.1
Q9FK10	PF07714	PK_Tyr_Ser-Thr	309	566	258	8.4e-32	109.0
Q8RXY0	PF00069	Pkinase	26	370	345	4.1e-28	97.0
Q6FRH8	PF00069	Pkinase	38	294	257	6e-28	96.5
O22938	PF07714	PK_Tyr_Ser-Thr	608	883	276	1e-28	98.9
Q54EG9	PF00069	Pkinase	459	731	273	9.3e-28	95.9
Q27324	PF07714	PK_Tyr_Ser-Thr	343	599	257	4.4e-73	244.3
Q3E991	PF00069	Pkinase	385	654	270	5.7e-28	96.6
Q9Y6S9	PF00069	Pkinase	376	539	164	3.1e-25	87.6
Q54G28	PF07714	PK_Tyr_Ser-Thr	51	326	276	2.7e-39	133.6
C0LGS3	PF00069	Pkinase	451	749	299	8.2e-27	92.8
Q197B6	PF00069	Pkinase	87	328	242	2.3e-26	91.3
Q9LPT1	PF07714	PK_Tyr_Ser-Thr	376	645	270	4.9e-29	99.9
Q54R98	PF00069	Pkinase	312	584	273	7.5e-28	96.2
P34925	PF07714	PK_Tyr_Ser-Thr	330	596	267	6e-85	283.2
O76324	PF00069	Pkinase	9	272	264	1.6e-27	95.1
Q93Z18	PF00069	Pkinase	9	272	264	2.1e-27	94.7
Q9FL63	PF07714	PK_Tyr_Ser-Thr	341	608	268	1.4e-31	108.3
P55205	PF07714	PK_Tyr_Ser-Thr	542	826	285	3.9e-37	126.5
Q3EBR4	PF07714	PK_Tyr_Ser-Thr	167	319	153	1.8e-24	85.0
Q556Y4	PF00069	Pkinase	9	262	254	2.5e-26	91.2
O43187	PF00069	Pkinase	210	462	253	5.3e-27	93.4
Q9V422	PF07714	PK_Tyr_Ser-Thr	317	573	257	1.7e-70	235.8
Q0GXS4	PF07714	PK_Tyr_Ser-Thr	320	466	147	3.1e-24	84.2
Q9C9N5	PF07714	PK_Tyr_Ser-Thr	399	678	280	2.2e-30	104.4
Q96RU7	PF00069	Pkinase	78	315	238	8.6e-27	92.7
Q8SS96	PF00069	Pkinase	8	272	265	8.2e-27	92.8
Q54S77	PF00069	Pkinase	21	288	268	2.2e-26	91.4
F4I7Y4	PF07714	PK_Tyr_Ser-Thr	86	329	244	1.9e-27	94.8
P40236	PF00069	Pkinase	12	258	247	1.6e-26	91.8
Q9LS26	PF00069	Pkinase	63	307	245	2.4e-26	91.2
Q9CAI5	PF00069	Pkinase	9	255	247	2.2e-26	91.4
Q0WR59	PF00069	Pkinase	769	1044	276	2.9e-26	91.0
Q8IWU2	PF07714	PK_Tyr_Ser-Thr	137	407	271	9e-56	187.6
Q9P7X5	PF00069	Pkinase	33	317	285	5.6e-26	90.0
P83097	PF07714	PK_Tyr_Ser-Thr	493	753	261	2.7e-42	143.4
Q6NRT0	PF00069	Pkinase	44	299	256	1e-25	89.2
P35507	PF00069	Pkinase	17	275	259	1.3e-25	88.9
Q336V9	PF07714	PK_Tyr_Ser-Thr	81	334	254	1.6e-28	98.3
Q20471	PF00069	Pkinase	191	436	246	1.5e-25	88.6
Q8I265	PF00069	Pkinase	1231	1417	187	3.5e-18	64.5
P40233	PF00069	Pkinase	12	266	255	1.8e-25	88.4
O74135	PF00069	Pkinase	15	265	251	2.1e-25	88.1
A0A509AMC3	PF00069	Pkinase	2254	2524	271	1.8e-19	68.7
P54367	PF00069	Pkinase	20	270	251	2.2e-25	88.1
P22219	PF00069	Pkinase	37	295	259	5.3e-25	86.8
C0LGQ9	PF07714	PK_Tyr_Ser-Thr	772	1050	279	3.4e-29	100.5
P33543	PF07714	PK_Tyr_Ser-Thr	374	649	276	2.1e-29	101.1
B0Y8Y4	PF00069	Pkinase	232	390	159	2.4e-13	48.6
Q2PAY2	PF00069	Pkinase	351	531	181	5.4e-18	63.9
P34516	PF00069	Pkinase	20	290	271	6e-25	86.6
Q9LSX4	PF00069	Pkinase	9	255	247	8.7e-25	86.1
Q84V18	PF00069	Pkinase	139	360	222	5.8e-17	60.5
Q99J45	PF00069	Pkinase	79	327	249	1.6e-24	85.2
Q8CFE4	PF00069	Pkinase	32	327	296	1.3e-24	85.5
P23292	PF00069	Pkinase	76	317	242	8.3e-25	86.2
Q3TYD6	PF07714	PK_Tyr_Ser-Thr	136	406	271	1.9e-53	180.0
Q9S713	PF00069	Pkinase	134	452	319	2.8e-22	77.9
Q3E8J4	PF07714	PK_Tyr_Ser-Thr	60	350	291	3.1e-27	94.0
F4I313	PF00069	Pkinase	92	343	252	4.8e-24	83.7
D6WMX4	PF00069	Pkinase	162	481	320	2.1e-23	81.6
Q9M0E5	PF00069	Pkinase	27	295	269	3.6e-24	84.1
Q9LSI9	PF07714	PK_Tyr_Ser-Thr	310	575	266	1.2e-27	95.3
Q54PK8	PF00069	Pkinase	927	1185	259	6.5e-24	83.3
P29295	PF00069	Pkinase	9	262	254	4.8e-24	83.7
Q8L617	PF07714	PK_Tyr_Ser-Thr	41	307	267	2e-31	107.8
Q9LZV4	PF00069	Pkinase	249	368	120	6.8e-18	63.5
Q2PAY3	PF00069	Pkinase	392	577	186	1.7e-19	68.8
P53009	PF00069	Pkinase	64	324	261	1e-23	82.6
O42900	PF00069	Pkinase	24	288	265	1.2e-23	82.3
E0W1I1	PF00069	Pkinase	162	481	320	3.4e-23	80.9
O04567	PF07714	PK_Tyr_Ser-Thr	312	576	265	2.7e-26	91.0
O55222	PF07714	PK_Tyr_Ser-Thr	193	446	254	2.2e-38	130.6
Q550K8	PF00069	Pkinase	1730	2032	303	2.5e-23	81.4
B9FDE0	PF07714	PK_Tyr_Ser-Thr	63	312	250	1.8e-27	94.8
Q8T126	PF00069	Pkinase	52	218	167	6e-14	50.6
Q0KHV6	PF00069	Pkinase	354	636	283	2.1e-22	78.3
Q21776	PF00069	Pkinase	690	939	250	1.7e-22	78.6
P0DH62	PF07714	PK_Tyr_Ser-Thr	256	347	92	2.8e-13	48.3
G5EGT9	PF07714	PK_Tyr_Ser-Thr	288	572	285	4e-58	195.3
Q9TZC4	PF07714	PK_Tyr_Ser-Thr	210	461	252	2.2e-35	120.8
Q55DV2	PF07714	PK_Tyr_Ser-Thr	1194	1434	241	8.4e-28	95.9
P9WI69	PF00069	Pkinase	12	216	205	5.4e-21	73.7
Q9BXM7	PF00069	Pkinase	264	509	246	4.1e-21	74.1
Q8VZF4	PF00069	Pkinase	81	346	266	2.5e-21	74.8
A0A7J6K7Y0	PF00069	Pkinase	383	593	211	1.3e-18	65.9
O82318	PF00069	Pkinase	703	940	238	8.2e-21	73.1
Q54U65	PF07714	PK_Tyr_Ser-Thr	317	551	235	3e-16	58.0
O64798	PF00069	Pkinase	68	328	261	5.6e-21	73.6
Q06098	PF00069	Pkinase	135	402	268	9.4e-21	72.9
Q5AHA0	PF00069	Pkinase	437	636	200	1.5e-20	72.3
O08901	PF00069	Pkinase	761	1035	275	1.5e-20	72.2
Q8LFN2	PF00069	Pkinase	477	750	274	1.6e-20	72.1
Q9SGI7	PF07714	PK_Tyr_Ser-Thr	350	615	266	1.2e-23	82.3
Q10447	PF00069	Pkinase	389	636	248	3e-20	71.3
A0A178VE74	PF07714	PK_Tyr_Ser-Thr	70	301	232	1.2e-20	72.5
Q9FK63	PF07714	PK_Tyr_Ser-Thr	395	575	181	8.8e-24	82.7
Q9LYN6	PF07714	PK_Tyr_Ser-Thr	209	470	262	2e-23	81.6
Q91FD5	PF00069	Pkinase	126	398	273	7.8e-20	69.9
Q9J523	PF00069	Pkinase	25	285	261	4e-19	67.6
Q9J509	PF00069	Pkinase	14	290	277	7.3e-20	70.0
A0A509AIU5	PF07714	PK_Tyr_Ser-Thr	1181	1292	112	8.9e-14	49.9
Q758T2	PF00069	Pkinase	59	311	253	2.1e-19	68.5
Q9LVN2	PF07714	PK_Tyr_Ser-Thr	524	778	255	4.3e-23	80.5
Q7M6U3	PF07714	PK_Tyr_Ser-Thr	253	504	252	1.4e-27	95.2
Q09298	PF00069	Pkinase	242	483	242	2.1e-18	65.2
Q86Y07	PF00069	Pkinase	29	310	282	2e-18	65.3
Q55FV5	PF00069	Pkinase	18	293	276	8.3e-18	63.3
Q9UVG6	PF00069	Pkinase	27	291	265	2.4e-18	65.0
P0C0R5	PF00069	Pkinase	26	312	287	7.8e-17	60.1
P39962	PF00069	Pkinase	14	320	307	4.3e-17	60.9
Q9LFL7	PF07714	PK_Tyr_Ser-Thr	61	323	263	5.7e-25	86.6
Q9BXU1	PF00069	Pkinase	794	974	181	3.1e-17	61.4
A0A7J6K7I9	PF00069	Pkinase	181	358	178	2.1e-14	52.1
Q54Q69	PF00069	Pkinase	679	789	111	1.1e-08	33.4
Q852L0	PF00069	Pkinase	147	420	274	4.7e-17	60.8
F4J3H7	PF07714	PK_Tyr_Ser-Thr	87	239	153	8e-17	59.9
O43683	PF00069	Pkinase	787	1039	253	1.4e-16	59.2
Q8IWB6	PF07714	PK_Tyr_Ser-Thr	262	509	248	9.6e-26	89.2
A0A7H0DNE9	PF00069	Pkinase	16	279	264	1.3e-16	59.3
O80795	PF00069	Pkinase	78	318	241	2.9e-16	58.2
Q09503	PF00069	Pkinase	1	233	233	2.9e-16	58.2
Q6XHA6	PF07714	PK_Tyr_Ser-Thr	2093	2340	248	1.7e-24	85.0
Q9UYB9	PF00069	Pkinase	1	164	164	6.8e-16	57.0
Q19848	PF00069	Pkinase	32	322	291	1.8e-15	55.6
P41695	PF00069	Pkinase	705	985	281	1.8e-15	55.6
Q55BQ3	PF00069	Pkinase	30	348	319	4.9e-15	54.2
C0LGJ9	PF07714	PK_Tyr_Ser-Thr	459	716	258	1.6e-15	55.6
P41676	PF00069	Pkinase	14	202	189	2.7e-15	55.0
F4IVI0	PF00069	Pkinase	222	515	294	8.2e-15	53.4
Q7KRY6	PF00069	Pkinase	47	324	278	9e-15	53.3
C0LGK4	PF07714	PK_Tyr_Ser-Thr	528	806	279	5.9e-24	83.3
Q80X41	PF00069	Pkinase	37	314	278	8.5e-15	53.4
Q95PZ9	PF00069	Pkinase	26	299	274	1e-14	53.1
Q8IIT5	PF07714	PK_Tyr_Ser-Thr	1368	1479	112	5.4e-13	47.4
C0LGH8	PF07714	PK_Tyr_Ser-Thr	361	627	267	5.6e-17	60.4
P34635	PF00069	Pkinase	25	200	176	1.6e-14	52.5
Q28FH2	PF00069	Pkinase	27	256	230	1.8e-14	52.3
A8WU31	PF00069	Pkinase	32	270	239	3.6e-14	51.3
A0A0H3MBJ2	PF00069	Pkinase	13	231	219	7.2e-14	50.3
Q54XS3	PF07714	PK_Tyr_Ser-Thr	1378	1536	159	5.6e-19	67.0
P37562	PF00069	Pkinase	28	281	254	3.8e-14	51.2
P73515	PF00069	Pkinase	15	180	166	4.8e-14	50.9
Q7XJT7	PF07714	PK_Tyr_Ser-Thr	56	212	157	1.8e-15	55.5
Q7ZUS1	PF00069	Pkinase	38	322	285	1.3e-13	49.5
C0LGU7	PF07714	PK_Tyr_Ser-Thr	412	664	253	2.4e-18	64.9
Q54W07	PF00069	Pkinase	41	210	170	1.7e-13	49.1
Q9H792	PF00069	Pkinase	1448	1663	216	3.5e-12	44.8
Q86YV5	PF07714	PK_Tyr_Ser-Thr	1080	1159	80	9e-06	23.7
Q55GS2	PF00069	Pkinase	32	371	340	8.2e-12	43.6
P93756	PF07714	PK_Tyr_Ser-Thr	509	663	155	3.6e-16	57.8
Q9RI12	PF00069	Pkinase	150	408	259	1.3e-11	42.9
Q6UDH7	PF00069	Pkinase	95	261	167	3.2e-10	38.4
Q54V82	PF00069	Pkinase	103	211	109	4.9e-11	41.0
Q55FJ0	PF00069	Pkinase	1300	1400	101	2.7e-07	28.8
Q00095	PF00069	Pkinase	133	403	271	6.8e-11	40.6
P15443	PF00069	Pkinase	173	388	216	6.6e-11	40.6
O14002	PF00069	Pkinase	37	292	256	2.8e-10	38.6
B7XIB8	PF00069	Pkinase	4	191	188	1.4e-10	39.6
Q8IV63	PF00069	Pkinase	220	449	230	2.3e-10	38.8
O74539	PF00069	Pkinase	39	291	253	1.3e-09	36.4
Q8BX57	PF00069	Pkinase	184	434	251	1.2e-08	33.2
Q96S44	PF00069	Pkinase	36	209	174	8e-10	37.1
O94751	PF00069	Pkinase	718	1012	295	9.4e-09	33.6
Q54SK3	PF00069	Pkinase	136	460	325	1.4e-09	36.3
Q9P7N1	PF00069	Pkinase	52	192	141	1.4e-09	36.3
J7I4B7	PF00069	Pkinase	264	401	138	3.7e-09	34.9
Q5UQJ6	PF00069	Pkinase	198	335	138	5.1e-08	31.2
Q2HGY8	PF00069	Pkinase	23	225	203	3.6e-09	34.9
Q196W2	PF00069	Pkinase	94	270	177	5.6e-09	34.3
Q8S8N4	PF07714	PK_Tyr_Ser-Thr	355	511	157	2e-14	52.1
Q9E6Q4	PF00069	Pkinase	149	312	164	3.2e-08	31.8
Q2NIA4	PF00069	Pkinase	342	494	153	6e-09	34.2
Q54BD1	PF00069	Pkinase	37	222	186	1.5e-07	29.7
Q00097	PF00069	Pkinase	162	367	206	7.1e-09	34.0
Q6GZV6	PF00069	Pkinase	544	673	130	6.5e-07	27.5
Q6BHA8	PF00069	Pkinase	45	229	185	7.3e-09	33.9
Q00098	PF00069	Pkinase	171	378	208	2.7e-08	32.1
Q58473	PF00069	Pkinase	66	232	167	3e-07	28.6
Q197F0	PF00069	Pkinase	181	396	216	6.6e-08	30.8
Q9Z0R0	PF00069	Pkinase	440	504	65	0.0048	14.9
Q5UNT7	PF00069	Pkinase	318	442	125	1.2e-05	23.3
Q6C2A3	PF00069	Pkinase	12	212	201	1.1e-07	30.0
Q87T74	PF00069	Pkinase	118	208	91	1.4e-07	29.7
Q557D1	PF00069	Pkinase	46	200	155	4.5e-07	28.1
Q54TC3	PF07714	PK_Tyr_Ser-Thr	149	295	147	6.2e-06	24.2
Q1EBD3	PF00069	Pkinase	108	244	137	3.9e-07	28.3
O13733	PF00069	Pkinase	50	172	123	6.4e-07	27.6
Q8TF76	PF00069	Pkinase	484	568	85	0.0042	15.0
O27476	PF00069	Pkinase	343	516	174	6.3e-07	27.6
Q86TW2	PF00069	Pkinase	157	363	207	9.6e-05	20.4
A0A7J6KD88	PF00069	Pkinase	179	354	176	2.1e-05	22.6
P0CP72	PF00069	Pkinase	158	244	87	1e-06	26.9
O30245	PF00069	Pkinase	93	252	160	1.1e-06	26.8
Q9Z1S0	PF00069	Pkinase	807	939	133	1.1e-06	26.8
Q54SC4	PF00069	Pkinase	398	492	95	6.7e-07	27.5
Q6LVM6	PF00069	Pkinase	83	205	123	8.6e-07	27.1
Q9W133	PF00069	Pkinase	215	351	137	2.4e-05	22.4
Q5F349	PF07714	PK_Tyr_Ser-Thr	83	201	119	9.5e-10	36.7
Q01015	PF00069	Pkinase	80	244	165	2.3e-06	25.7
P58551	PF00069	Pkinase	114	205	92	1.6e-06	26.3
P09296	PF00069	Pkinase	134	292	159	7.2e-06	24.1
P04290	PF00069	Pkinase	155	402	248	5.2e-05	21.3
O32057	PF00069	Pkinase	27	175	149	5.2e-06	24.6
O29592	PF00069	Pkinase	8	145	138	4.8e-06	24.7
Q91FE4	PF00069	Pkinase	156	362	207	1.8e-05	22.8
Q5U3W1	PF07714	PK_Tyr_Ser-Thr	79	227	149	6.7e-10	37.2
Q91F86	PF00069	Pkinase	126	292	167	7.3e-06	24.1
Q6M056	PF00069	Pkinase	349	508	160	2.4e-05	22.4
A3CXS0	PF00069	Pkinase	401	489	89	1.9e-05	22.7
Q496M5	PF00069	Pkinase	1	65	65	1.6e-05	23.0
Q8PZ92	PF00069	Pkinase	439	512	74	2.5e-05	22.3
Q9CLD5	PF00069	Pkinase	86	215	130	2.1e-05	22.6
P13288	PF00069	Pkinase	133	261	129	0.00061	17.8
A5UMH5	PF00069	Pkinase	360	486	127	4.7e-05	21.4
O86224	PF00069	Pkinase	122	207	86	3.8e-05	21.8
Q9MA15	PF00069	Pkinase	290	427	138	0.00073	17.5
O13924	PF00069	Pkinase	157	378	222	0.00043	18.3
D3XDS2	PF00069	Pkinase	352	443	92	0.0089	14.0
Q8SVD9	PF00069	Pkinase	8	154	147	9.4e-05	20.4
D4GYY1	PF00069	Pkinase	159	256	98	0.00019	19.4
Q54WZ5	PF07714	PK_Tyr_Ser-Thr	132	244	113	0.00042	18.2
P16788	PF00069	Pkinase	332	505	174	0.0009	17.2
F5HGH5	PF00069	Pkinase	154	246	93	0.00056	17.9
Q6L243	PF00069	Pkinase	348	480	133	0.00038	18.5
Q504Y2	PF00069	Pkinase	139	313	175	0.00035	18.6
Q7AJA5	PF00069	Pkinase	53	282	230	0.00083	17.4
O42650	PF00069	Pkinase	121	300	180	0.002	16.1
O28471	PF00069	Pkinase	117	231	115	0.001	17.0
Q66640	PF00069	Pkinase	80	299	220	0.002	16.1
Q9JVQ5	PF00069	Pkinase	193	322	130	0.0028	15.6
Q5AGC7	PF00069	Pkinase	53	233	181	0.0014	16.6
Q03021	PF00069	Pkinase	79	159	81	0.0022	15.9
P30662	PF00069	Pkinase	83	232	150	0.0029	15.6
P43633	PF00069	Pkinase	495	646	152	0.0042	15.0
P28966	PF00069	Pkinase	226	384	159	0.0089	14.0
O14730	PF00069	Pkinase	286	435	150	0.0044	15.0
P34649	PF00069	Pkinase	248	427	180	0.0093	13.9
Q57886	PF00069	Pkinase	77	244	168	0.0096	13.9
Q6FTW0	PF00069	Pkinase	65	236	172	0.0067	14.4
Q54LU8	PF07714	PK_Tyr_Ser-Thr	369	531	163	6.1e-08	30.8
