uniprot_id,mutation,mutation_type,clinical_significance
P00519,T315I,resistance,BCR-ABL inhibitor resistance
P00533,L858R,activating,EGFR-targeted therapy sensitive
P00533,T790M,resistance,EGFR-targeted therapy resistance
P04629,V600E,activating,BRAF V600E oncogenic
P06493,T308A,loss_of_function,AKT1 catalytic impairment
P10398,D816V,activating,KIT gain-of-function
P15056,T334I,gatekeeper,BRAF inhibitor resistance
P16220,T670I,gatekeeper,CKIT gatekeeper mutation
Q00534,D1163N,catalytic,CDK6 catalytic impairment
